"","Project.ID","Borough","MedianActualRent","BedroomSize"
"1",59474,"Manhattan",885,"2-BR"
"2",59474,"Manhattan",822.5,"1-BR"
"3",58891,"Manhattan",887,"2-BR"
"4",58891,"Manhattan",882,"2-BR"
"5",58891,"Manhattan",844,"2-BR"
"6",58891,"Manhattan",906,"STUDIO"
"7",58891,"Manhattan",867,"STUDIO"
"8",58891,"Manhattan",987,"3-BR"
"9",58891,"Manhattan",843,"1-BR"
"10",58891,"Manhattan",859,"3-BR"
"11",58891,"Manhattan",843,"3-BR"
"12",58891,"Manhattan",882,"1-BR"
"13",58891,"Manhattan",987,"3-BR"
"14",58891,"Manhattan",871,"3-BR"
"15",58891,"Manhattan",911,"3-BR"
"16",58891,"Manhattan",1390,"3-BR"
"17",58891,"Manhattan",1288.5,"3-BR"
"18",58891,"Manhattan",1305,"3-BR"
"19",58891,"Manhattan",1019.5,"2-BR"
"20",58891,"Manhattan",747,"1-BR"
"21",58891,"Manhattan",884,"STUDIO"
"22",58891,"Manhattan",792,"STUDIO"
"23",58891,"Manhattan",781,"1-BR"
"24",58891,"Manhattan",1257,"2-BR"
"25",58891,"Manhattan",955.5,"2-BR"
"26",58891,"Manhattan",1152,"2-BR"
"27",58891,"Manhattan",806.5,"2-BR"
"28",58891,"Manhattan",769,"1-BR"
"29",58891,"Manhattan",1058.5,"2-BR"
"30",58891,"Manhattan",0,"2-BR"
"31",58891,"Manhattan",1026.5,"2-BR"
"32",58891,"Manhattan",970,"2-BR"
"33",58891,"Manhattan",680,"2-BR"
"34",58891,"Manhattan",940,"2-BR"
"35",58891,"Manhattan",878,"STUDIO"
"36",58891,"Manhattan",822,"2-BR"
"37",58891,"Manhattan",816,"2-BR"
"38",58891,"Manhattan",397,"2-BR"
"39",58891,"Manhattan",719,"1-BR"
"40",58891,"Manhattan",829,"1-BR"
"41",58891,"Manhattan",950,"1-BR"
"42",58891,"Manhattan",878,"STUDIO"
"43",58891,"Manhattan",759,"2-BR"
"44",58891,"Manhattan",931,"1-BR"
"45",52674,"Manhattan",1064,"1-BR"
"46",52674,"Manhattan",1093.5,"2-BR"
"47",52674,"Manhattan",1608,"4-BR"
"48",52674,"Manhattan",1583,"4-BR"
"49",52674,"Manhattan",1025,"2-BR"
"50",52674,"Manhattan",952,"1-BR"
"51",52674,"Manhattan",889,"2-BR"
"52",52674,"Manhattan",797,"1-BR"
"53",52674,"Manhattan",850,"1-BR"
"54",52674,"Manhattan",1146,"2-BR"
"55",52674,"Manhattan",780,"2-BR"
"56",52674,"Manhattan",865.5,"1-BR"
"57",51143,"Manhattan",1293,"1-BR"
"58",51143,"Manhattan",739,"3-BR"
"59",51143,"Manhattan",824,"2-BR"
"60",51143,"Manhattan",886.5,"2-BR"
"61",51143,"Manhattan",703,"1-BR"
"62",51143,"Manhattan",1085,"2-BR"
"63",51143,"Manhattan",810,"2-BR"
"64",51143,"Manhattan",1148,"3-BR"
"65",51143,"Manhattan",1319,"1-BR"
"66",51143,"Manhattan",1293,"1-BR"
"67",51143,"Manhattan",815.5,"2-BR"
"68",51143,"Manhattan",904,"1-BR"
"69",63941,"Manhattan",2520,"2-BR"
"70",63941,"Manhattan",2649,"2-BR"
"71",63941,"Manhattan",2089,"1-BR"
"72",63941,"Manhattan",1995,"1-BR"
"73",63845,"Manhattan",0,"2-BR"
"74",63845,"Manhattan",1029,"2-BR"
"75",63845,"Manhattan",670,"2-BR"
"76",63845,"Manhattan",647,"2-BR"
"77",63845,"Manhattan",964,"2-BR"
"78",63845,"Manhattan",717,"3-BR"
"79",63845,"Manhattan",1176,"3-BR"
"80",63845,"Manhattan",1144,"3-BR"
"81",63845,"Manhattan",1050,"2-BR"
"82",63845,"Manhattan",767,"3-BR"
"83",63845,"Manhattan",701,"2-BR"
"84",60000,"Manhattan",1515,"STUDIO"
"85",63845,"Manhattan",499,"STUDIO"
"86",63845,"Manhattan",1398,"1-BR"
"87",63845,"Manhattan",1518,"4-BR"
"88",63845,"Manhattan",1240,"3-BR"
"89",63845,"Manhattan",819,"4-BR"
"90",63845,"Manhattan",581,"1-BR"
"91",63845,"Manhattan",627,"2-BR"
"92",63845,"Manhattan",1239,"3-BR"
"93",63845,"Manhattan",1034,"1-BR"
"94",63845,"Manhattan",689,"3-BR"
"95",53551,"Manhattan",929,"2-BR"
"96",53551,"Manhattan",1066,"3-BR"
"97",53551,"Manhattan",768,"1-BR"
"98",53551,"Manhattan",715,"STUDIO"
"99",63845,"Manhattan",940,"1-BR"
"100",63845,"Manhattan",671.5,"2-BR"
"101",63845,"Manhattan",965.5,"2-BR"
"102",48650,"Manhattan",1200,"3-BR"
"103",53551,"Manhattan",768,"1-BR"
"104",53551,"Manhattan",929,"2-BR"
"105",53551,"Manhattan",715,"STUDIO"
"106",59474,"Manhattan",1045,"1-BR"
"107",59474,"Manhattan",750,"1-BR"
"108",59474,"Manhattan",1115,"2-BR"
"109",59474,"Manhattan",571,"1-BR"
"110",59474,"Manhattan",1535,"2-BR"
"111",59474,"Manhattan",1293,"2-BR"
"112",59474,"Manhattan",622,"1-BR"
"113",59474,"Manhattan",634,"STUDIO"
"114",59474,"Manhattan",938,"1-BR"
"115",59474,"Manhattan",926.5,"2-BR"
"116",59474,"Manhattan",1172,"3-BR"
"117",59474,"Manhattan",849,"STUDIO"
"118",59474,"Manhattan",998,"1-BR"
"119",59474,"Manhattan",1063,"2-BR"
"120",59474,"Manhattan",1008.5,"STUDIO"
"121",59474,"Manhattan",1394.5,"2-BR"
"122",59474,"Manhattan",866.5,"1-BR"
"123",59474,"Manhattan",766.5,"3-BR"
"124",59474,"Manhattan",1034.5,"2-BR"
"125",59474,"Manhattan",739.5,"2-BR"
"126",59474,"Manhattan",781,"3-BR"
"127",59474,"Manhattan",931,"2-BR"
"128",59474,"Manhattan",1223,"2-BR"
"129",59474,"Manhattan",770.5,"3-BR"
"130",59474,"Manhattan",1069,"3-BR"
"131",59474,"Manhattan",920,"2-BR"
"132",59474,"Manhattan",1362,"3-BR"
"133",59474,"Manhattan",949.5,"2-BR"
"134",59474,"Manhattan",949.5,"2-BR"
"135",59474,"Manhattan",1020.5,"3-BR"
"136",59474,"Manhattan",1020.5,"3-BR"
"137",59474,"Manhattan",933,"2-BR"
"138",59474,"Manhattan",933,"2-BR"
"139",59474,"Manhattan",667.5,"3-BR"
"140",59474,"Manhattan",536.5,"STUDIO"
"141",59474,"Manhattan",667.5,"3-BR"
"142",59474,"Manhattan",536.5,"STUDIO"
"143",58891,"Manhattan",884,"1-BR"
"144",58891,"Manhattan",738,"STUDIO"
"145",58891,"Manhattan",857,"STUDIO"
"146",58891,"Manhattan",676,"2-BR"
"147",58891,"Manhattan",846,"1-BR"
"148",58891,"Manhattan",759,"2-BR"
"149",59474,"Manhattan",1066,"2-BR"
"150",59474,"Manhattan",1094,"3-BR"
"151",59474,"Manhattan",807,"1-BR"
"152",59474,"Manhattan",1589,"2-BR"
"153",59474,"Manhattan",1101,"3-BR"
"154",58891,"Manhattan",817.5,"STUDIO"
"155",58891,"Manhattan",800,"1-BR"
"156",58891,"Manhattan",780.5,"STUDIO"
"157",58891,"Manhattan",887,"1-BR"
"158",58891,"Manhattan",876.5,"STUDIO"
"159",58891,"Manhattan",824,"1-BR"
"160",58891,"Manhattan",847,"STUDIO"
"161",58891,"Manhattan",919,"2-BR"
"162",58891,"Manhattan",801.5,"1-BR"
"163",58891,"Manhattan",734,"STUDIO"
"164",58891,"Manhattan",804,"1-BR"
"165",58891,"Manhattan",805,"1-BR"
"166",58891,"Manhattan",782,"1-BR"
"167",58891,"Manhattan",717,"STUDIO"
"168",58891,"Manhattan",865,"STUDIO"
"169",58891,"Manhattan",909,"2-BR"
"170",58891,"Manhattan",855,"STUDIO"
"171",58891,"Manhattan",909,"2-BR"
"172",58891,"Manhattan",1070,"2-BR"
"173",58891,"Manhattan",865,"STUDIO"
"174",58891,"Manhattan",896,"2-BR"
"175",58891,"Manhattan",573,"3-BR"
"176",58891,"Manhattan",1877,"1-BR"
"177",58891,"Manhattan",850,"1-BR"
"178",58891,"Manhattan",594,"3-BR"
"179",58891,"Manhattan",888,"1-BR"
"180",58891,"Manhattan",1571,"1-BR"
"181",58891,"Manhattan",1577,"2-BR"
"182",58891,"Manhattan",747,"1-BR"
"183",58891,"Manhattan",1095,"3-BR"
"184",58891,"Manhattan",861,"1-BR"
"185",58891,"Manhattan",813,"1-BR"
"186",58891,"Manhattan",1073,"3-BR"
"187",58891,"Manhattan",938,"2-BR"
"188",58891,"Manhattan",1060.5,"2-BR"
"189",58891,"Manhattan",1308.5,"2-BR"
"190",58891,"Manhattan",781.5,"1-BR"
"191",58891,"Manhattan",1001.5,"1-BR"
"192",58891,"Manhattan",821,"2-BR"
"193",58891,"Manhattan",734,"STUDIO"
"194",58891,"Manhattan",778,"STUDIO"
"195",58891,"Manhattan",995.5,"2-BR"
"196",58891,"Manhattan",855,"STUDIO"
"197",58891,"Manhattan",843,"1-BR"
"198",58891,"Manhattan",1070,"2-BR"
"199",58891,"Manhattan",296,"STUDIO"
"200",58891,"Manhattan",908,"2-BR"
"201",58891,"Manhattan",923,"2-BR"
"202",58891,"Manhattan",982,"1-BR"
"203",58891,"Manhattan",763,"STUDIO"
"204",58891,"Manhattan",1091,"3-BR"
"205",58891,"Manhattan",1020,"1-BR"
"206",58891,"Manhattan",1240,"1-BR"
"207",58891,"Manhattan",915,"1-BR"
"208",58891,"Manhattan",1015,"1-BR"
"209",58891,"Manhattan",886,"STUDIO"
"210",58891,"Manhattan",689,"1-BR"
"211",58891,"Manhattan",1061,"STUDIO"
"212",58891,"Manhattan",993,"1-BR"
"213",58891,"Manhattan",944,"1-BR"
"214",58891,"Manhattan",691,"1-BR"
"215",58891,"Manhattan",721,"1-BR"
"216",58891,"Manhattan",999,"3-BR"
"217",58891,"Manhattan",955,"STUDIO"
"218",58891,"Manhattan",1012.5,"3-BR"
"219",58891,"Manhattan",782,"STUDIO"
"220",58891,"Manhattan",1066,"1-BR"
"221",58891,"Manhattan",848,"1-BR"
"222",58891,"Manhattan",896,"STUDIO"
"223",58891,"Manhattan",823,"STUDIO"
"224",58891,"Manhattan",877,"STUDIO"
"225",58891,"Manhattan",1085,"3-BR"
"226",58891,"Manhattan",1054,"3-BR"
"227",58891,"Manhattan",912,"1-BR"
"228",58891,"Manhattan",913,"3-BR"
"229",58891,"Manhattan",806,"STUDIO"
"230",58891,"Manhattan",1070.5,"2-BR"
"231",58891,"Manhattan",821,"1-BR"
"232",58891,"Manhattan",945.5,"3-BR"
"233",58891,"Manhattan",1004,"2-BR"
"234",58891,"Manhattan",1072,"3-BR"
"235",58891,"Manhattan",744,"1-BR"
"236",58891,"Manhattan",1288,"3-BR"
"237",58891,"Manhattan",942,"STUDIO"
"238",58891,"Manhattan",938,"2-BR"
"239",58891,"Manhattan",854,"STUDIO"
"240",58891,"Manhattan",800,"STUDIO"
"241",58891,"Manhattan",859,"2-BR"
"242",58891,"Manhattan",726,"1-BR"
"243",58891,"Manhattan",897.5,"STUDIO"
"244",58891,"Manhattan",877,"2-BR"
"245",58891,"Manhattan",695,"1-BR"
"246",58891,"Manhattan",874,"2-BR"
"247",58891,"Manhattan",874,"STUDIO"
"248",58891,"Manhattan",1078.5,"2-BR"
"249",58891,"Manhattan",860,"STUDIO"
"250",58891,"Manhattan",1018,"2-BR"
"251",58891,"Manhattan",745,"STUDIO"
"252",58891,"Manhattan",337,"STUDIO"
"253",58891,"Manhattan",752.5,"STUDIO"
"254",58891,"Manhattan",1109,"2-BR"
"255",58891,"Manhattan",976,"STUDIO"
"256",58891,"Manhattan",937,"2-BR"
"257",58891,"Manhattan",555,"1-BR"
"258",58891,"Manhattan",912.5,"1-BR"
"259",58891,"Manhattan",901,"2-BR"
"260",58891,"Manhattan",943,"2-BR"
"261",58891,"Manhattan",845,"STUDIO"
"262",58891,"Manhattan",896,"STUDIO"
"263",58891,"Manhattan",1018,"2-BR"
"264",58891,"Manhattan",917,"1-BR"
"265",58891,"Manhattan",967,"1-BR"
"266",58891,"Manhattan",989,"2-BR"
"267",58891,"Manhattan",1188.5,"2-BR"
"268",58891,"Manhattan",682,"STUDIO"
"269",58891,"Manhattan",1174,"2-BR"
"270",58891,"Manhattan",653,"STUDIO"
"271",58891,"Manhattan",1019,"2-BR"
"272",59474,"Manhattan",982,"1-BR"
"273",59474,"Manhattan",1159,"2-BR"
"274",59474,"Manhattan",978,"STUDIO"
"275",59474,"Manhattan",837,"STUDIO"
"276",59474,"Manhattan",1134,"2-BR"
"277",59474,"Manhattan",905,"1-BR"
"278",58891,"Manhattan",699,"STUDIO"
"279",58891,"Manhattan",811,"1-BR"
"280",58891,"Manhattan",787.5,"1-BR"
"281",58891,"Manhattan",795,"1-BR"
"282",58891,"Manhattan",685,"STUDIO"
"283",58891,"Manhattan",775,"1-BR"
"284",58891,"Manhattan",699,"STUDIO"
"285",58891,"Manhattan",1224,"2-BR"
"286",58891,"Manhattan",849,"2-BR"
"287",58891,"Manhattan",795,"1-BR"
"288",58891,"Manhattan",787.5,"1-BR"
"289",58891,"Manhattan",917,"1-BR"
"290",58891,"Manhattan",915,"1-BR"
"291",58891,"Manhattan",909,"STUDIO"
"292",58891,"Manhattan",912,"3-BR"
"293",58891,"Manhattan",732.5,"1-BR"
"294",58891,"Manhattan",873,"3-BR"
"295",58891,"Manhattan",1373,"2-BR"
"296",58891,"Manhattan",559,"3-BR"
"297",58891,"Manhattan",1530,"4-BR"
"298",58891,"Manhattan",1269,"1-BR"
"299",58891,"Manhattan",1178,"4-BR"
"300",58891,"Manhattan",1217,"3-BR"
"301",58891,"Manhattan",1020,"1-BR"
"302",58891,"Manhattan",915,"1-BR"
"303",59474,"Manhattan",1409,"3-BR"
"304",59474,"Manhattan",908.5,"STUDIO"
"305",59474,"Manhattan",1263.5,"2-BR"
"306",58891,"Manhattan",867,"1-BR"
"307",58891,"Manhattan",192,"2-BR"
"308",58891,"Manhattan",741,"STUDIO"
"309",58891,"Manhattan",717,"STUDIO"
"310",58891,"Manhattan",854,"1-BR"
"311",58891,"Manhattan",430,"STUDIO"
"312",58891,"Manhattan",855,"STUDIO"
"313",58891,"Manhattan",687,"STUDIO"
"314",58891,"Manhattan",1044,"1-BR"
"315",58891,"Manhattan",1109,"2-BR"
"316",58891,"Manhattan",1259.5,"2-BR"
"317",58891,"Manhattan",897,"2-BR"
"318",58891,"Manhattan",1026,"2-BR"
"319",58891,"Manhattan",1072,"2-BR"
"320",58891,"Manhattan",716,"1-BR"
"321",58891,"Manhattan",667,"STUDIO"
"322",58891,"Manhattan",788,"2-BR"
"323",58891,"Manhattan",754,"2-BR"
"324",58891,"Manhattan",873.5,"2-BR"
"325",58891,"Manhattan",730,"1-BR"
"326",58891,"Manhattan",671,"STUDIO"
"327",58891,"Manhattan",721,"2-BR"
"328",58891,"Manhattan",952,"STUDIO"
"329",58891,"Manhattan",1389,"1-BR"
"330",58891,"Manhattan",1020,"STUDIO"
"331",58891,"Manhattan",1404,"1-BR"
"332",47888,"Manhattan",1291,"3-BR"
"333",47888,"Manhattan",2189,"3-BR"
"334",50291,"Manhattan",761,"2-BR"
"335",50291,"Manhattan",716,"STUDIO"
"336",51177,"Manhattan",691.5,"1-BR"
"337",51177,"Manhattan",859.5,"2-BR"
"338",51177,"Manhattan",819,"2-BR"
"339",51177,"Manhattan",743,"STUDIO"
"340",51177,"Manhattan",965,"2-BR"
"341",51177,"Manhattan",457,"2-BR"
"342",51177,"Manhattan",727,"1-BR"
"343",51177,"Manhattan",669,"1-BR"
"344",51177,"Manhattan",977,"2-BR"
"345",51177,"Manhattan",848.5,"1-BR"
"346",51177,"Manhattan",742,"1-BR"
"347",51177,"Manhattan",1053,"2-BR"
"348",51177,"Manhattan",802,"1-BR"
"349",51177,"Manhattan",367,"1-BR"
"350",51177,"Manhattan",612,"3-BR"
"351",51177,"Manhattan",790,"2-BR"
"352",51177,"Manhattan",753.5,"2-BR"
"353",51177,"Manhattan",820.5,"3-BR"
"354",51177,"Manhattan",735.5,"1-BR"
"355",51177,"Manhattan",1000,"3-BR"
"356",51177,"Manhattan",989,"3-BR"
"357",51177,"Manhattan",822,"2-BR"
"358",51177,"Manhattan",772,"1-BR"
"359",58887,"Manhattan",796,"1-BR"
"360",58887,"Manhattan",758,"1-BR"
"361",58887,"Manhattan",517.5,"1-BR"
"362",58887,"Manhattan",771.5,"2-BR"
"363",58887,"Manhattan",688,"2-BR"
"364",58887,"Manhattan",788,"1-BR"
"365",52674,"Manhattan",935.5,"2-BR"
"366",59474,"Manhattan",572.5,"1-BR"
"367",59474,"Manhattan",817,"3-BR"
"368",59474,"Manhattan",1042,"2-BR"
"369",59474,"Manhattan",766,"1-BR"
"370",59474,"Manhattan",855,"3-BR"
"371",59474,"Manhattan",838,"1-BR"
"372",59474,"Manhattan",649,"1-BR"
"373",59474,"Manhattan",609.5,"1-BR"
"374",59474,"Manhattan",852,"3-BR"
"375",59474,"Manhattan",830,"3-BR"
"376",59474,"Manhattan",775,"2-BR"
"377",58891,"Manhattan",685,"STUDIO"
"378",58891,"Manhattan",744,"1-BR"
"379",58891,"Manhattan",935,"1-BR"
"380",58891,"Manhattan",1034,"2-BR"
"381",58891,"Manhattan",1013,"2-BR"
"382",58891,"Manhattan",722.5,"1-BR"
"383",58891,"Manhattan",832.5,"1-BR"
"384",58891,"Manhattan",726.5,"1-BR"
"385",58891,"Manhattan",607.5,"2-BR"
"386",58891,"Manhattan",1036,"2-BR"
"387",58891,"Manhattan",943,"3-BR"
"388",58891,"Manhattan",844,"2-BR"
"389",52436,"Manhattan",751,"2-BR"
"390",52436,"Manhattan",747,"3-BR"
"391",60427,"Manhattan",4700,"3-BR"
"392",60427,"Manhattan",5075,"3-BR"
"393",60427,"Manhattan",2404,"STUDIO"
"394",60427,"Manhattan",2967,"1-BR"
"395",60427,"Manhattan",2300,"STUDIO"
"396",60427,"Manhattan",2800,"1-BR"
"397",59474,"Manhattan",1030.5,"1-BR"
"398",59474,"Manhattan",781.5,"STUDIO"
"399",59474,"Manhattan",459,"1-BR"
"400",59474,"Manhattan",711,"STUDIO"
"401",59474,"Manhattan",1143,"2-BR"
"402",59946,"Manhattan",1428,"2-BR"
"403",59946,"Manhattan",1210,"1-BR"
"404",59946,"Manhattan",1619,"3-BR"
"405",52674,"Manhattan",984,"2-BR"
"406",52674,"Manhattan",738.5,"1-BR"
"407",54709,"Manhattan",738.5,"2-BR"
"408",54709,"Manhattan",909.5,"3-BR"
"409",54709,"Manhattan",689,"2-BR"
"410",54709,"Manhattan",870,"3-BR"
"411",51177,"Manhattan",980,"3-BR"
"412",51177,"Manhattan",472,"2-BR"
"413",51177,"Manhattan",694,"1-BR"
"414",51177,"Manhattan",624,"1-BR"
"415",50132,"Manhattan",802.5,"2-BR"
"416",50132,"Manhattan",562,"3-BR"
"417",50132,"Manhattan",825,"4-BR"
"418",48638,"Manhattan",867,"STUDIO"
"419",48638,"Manhattan",714,"STUDIO"
"420",48638,"Manhattan",1224,"STUDIO"
"421",60427,"Manhattan",2967,"1-BR"
"422",60427,"Manhattan",3500,"2-BR"
"423",60427,"Manhattan",2800,"1-BR"
"424",60427,"Manhattan",3683,"2-BR"
"425",59946,"Manhattan",1794,"3-BR"
"426",59946,"Manhattan",1568,"2-BR"
"427",59946,"Manhattan",1274,"1-BR"
"428",59946,"Manhattan",1455,"2-BR"
"429",59946,"Manhattan",1075,"1-BR"
"430",59946,"Manhattan",1075,"1-BR"
"431",59946,"Manhattan",1455,"2-BR"
"432",59946,"Manhattan",1274,"1-BR"
"433",59946,"Manhattan",1568,"2-BR"
"434",59946,"Manhattan",1568,"2-BR"
"435",59946,"Manhattan",1274,"1-BR"
"436",59946,"Manhattan",1455,"2-BR"
"437",59946,"Manhattan",1075,"1-BR"
"438",59946,"Manhattan",1711,"4-BR"
"439",50519,"Manhattan",1385,"1-BR"
"440",50519,"Manhattan",865,"STUDIO"
"441",50519,"Manhattan",675,"STUDIO"
"442",50519,"Manhattan",929,"1-BR"
"443",50519,"Manhattan",1121,"2-BR"
"444",50519,"Manhattan",2068,"3-BR"
"445",50519,"Manhattan",1609,"2-BR"
"446",50519,"Manhattan",1289,"3-BR"
"447",50519,"Manhattan",929,"1-BR"
"448",52674,"Manhattan",664,"STUDIO"
"449",52674,"Manhattan",1214,"1-BR"
"450",52674,"Manhattan",902,"1-BR"
"451",52674,"Manhattan",881,"2-BR"
"452",52674,"Manhattan",937,"1-BR"
"453",52674,"Manhattan",887,"2-BR"
"454",52674,"Manhattan",775,"1-BR"
"455",59637,"Manhattan",203,"2-BR"
"456",59637,"Manhattan",571,"2-BR"
"457",59637,"Manhattan",848,"3-BR"
"458",59637,"Manhattan",916,"3-BR"
"459",59637,"Manhattan",915,"3-BR"
"460",59637,"Manhattan",785.5,"1-BR"
"461",59637,"Manhattan",607.5,"1-BR"
"462",59637,"Manhattan",669,"2-BR"
"463",59637,"Manhattan",636,"1-BR"
"464",59637,"Manhattan",416,"2-BR"
"465",59637,"Manhattan",95,"4-BR"
"466",59637,"Manhattan",198,"2-BR"
"467",59637,"Manhattan",1096,"4-BR"
"468",59637,"Manhattan",642,"1-BR"
"469",59637,"Manhattan",633,"STUDIO"
"470",59637,"Manhattan",912,"4-BR"
"471",52674,"Manhattan",920,"3-BR"
"472",52674,"Manhattan",855,"2-BR"
"473",52674,"Manhattan",826,"1-BR"
"474",52674,"Manhattan",1092,"1-BR"
"475",52674,"Manhattan",696,"2-BR"
"476",52674,"Manhattan",733,"1-BR"
"477",52674,"Manhattan",606,"STUDIO"
"478",52674,"Manhattan",486,"STUDIO"
"479",52674,"Manhattan",418.5,"2-BR"
"480",52674,"Manhattan",392,"1-BR"
"481",52674,"Manhattan",115,"STUDIO"
"482",52674,"Manhattan",501,"2-BR"
"483",52674,"Manhattan",530,"1-BR"
"484",52674,"Manhattan",605,"STUDIO"
"485",52674,"Manhattan",650,"1-BR"
"486",52674,"Manhattan",958,"1-BR"
"487",52674,"Manhattan",1113,"2-BR"
"488",52674,"Manhattan",676,"1-BR"
"489",52674,"Manhattan",748,"2-BR"
"490",52674,"Manhattan",1079.5,"1-BR"
"491",52674,"Manhattan",628,"1-BR"
"492",52674,"Manhattan",674,"2-BR"
"493",49445,"Manhattan",0,"1-BR"
"494",49445,"Manhattan",1229,"3-BR"
"495",49445,"Manhattan",862,"4-BR"
"496",49445,"Manhattan",807.5,"3-BR"
"497",49445,"Manhattan",0,"2-BR"
"498",49445,"Manhattan",929,"3-BR"
"499",49445,"Manhattan",978,"4-BR"
"500",49445,"Manhattan",1883,"2-BR"
"501",49445,"Manhattan",0,"2-BR"
"502",49445,"Manhattan",1005,"4-BR"
"503",49445,"Manhattan",1047,"3-BR"
"504",49445,"Manhattan",0,"2-BR"
"505",52674,"Manhattan",897.5,"2-BR"
"506",52674,"Manhattan",868,"3-BR"
"507",52674,"Manhattan",850,"1-BR"
"508",52674,"Manhattan",898.5,"STUDIO"
"509",52674,"Manhattan",565,"STUDIO"
"510",52674,"Manhattan",977,"2-BR"
"511",52674,"Manhattan",1075,"1-BR"
"512",52674,"Manhattan",848.5,"2-BR"
"513",52674,"Manhattan",984,"2-BR"
"514",52674,"Manhattan",953,"1-BR"
"515",52674,"Manhattan",755,"1-BR"
"516",52674,"Manhattan",747.5,"1-BR"
"517",52674,"Manhattan",886,"1-BR"
"518",52674,"Manhattan",835.5,"1-BR"
"519",50184,"Manhattan",1266,"STUDIO"
"520",50184,"Manhattan",998.5,"2-BR"
"521",50184,"Manhattan",897,"1-BR"
"522",59946,"Manhattan",1170,"STUDIO"
"523",59946,"Manhattan",1991,"3-BR"
"524",59946,"Manhattan",1288,"1-BR"
"525",59946,"Manhattan",1121,"STUDIO"
"526",59946,"Manhattan",1346,"1-BR"
"527",59946,"Manhattan",1607,"2-BR"
"528",52674,"Manhattan",489,"STUDIO"
"529",52674,"Manhattan",705,"2-BR"
"530",52674,"Manhattan",748,"1-BR"
"531",52674,"Manhattan",956,"2-BR"
"532",52674,"Manhattan",489,"STUDIO"
"533",52674,"Manhattan",1010,"2-BR"
"534",52674,"Manhattan",713.5,"3-BR"
"535",52674,"Manhattan",1088.5,"3-BR"
"536",52674,"Manhattan",941,"2-BR"
"537",52674,"Manhattan",975,"3-BR"
"538",52674,"Manhattan",1122.5,"2-BR"
"539",52674,"Manhattan",567,"STUDIO"
"540",52674,"Manhattan",1386,"3-BR"
"541",52674,"Manhattan",800,"3-BR"
"542",52674,"Manhattan",1322,"2-BR"
"543",52674,"Manhattan",624,"3-BR"
"544",52674,"Manhattan",647,"STUDIO"
"545",52674,"Manhattan",758,"2-BR"
"546",52674,"Manhattan",849,"1-BR"
"547",52674,"Manhattan",801,"1-BR"
"548",52674,"Manhattan",683,"STUDIO"
"549",52674,"Manhattan",636,"STUDIO"
"550",52674,"Manhattan",680,"2-BR"
"551",52674,"Manhattan",826,"2-BR"
"552",52674,"Manhattan",843,"3-BR"
"553",52674,"Manhattan",694,"STUDIO"
"554",52674,"Manhattan",979.5,"1-BR"
"555",52674,"Manhattan",853,"2-BR"
"556",52674,"Manhattan",946,"3-BR"
"557",54709,"Manhattan",939,"3-BR"
"558",54709,"Manhattan",841,"2-BR"
"559",54709,"Manhattan",958,"3-BR"
"560",54709,"Manhattan",820,"3-BR"
"561",54709,"Manhattan",770,"2-BR"
"562",54709,"Manhattan",802,"2-BR"
"563",54709,"Manhattan",832,"2-BR"
"564",54709,"Manhattan",804,"3-BR"
"565",54709,"Manhattan",891.5,"3-BR"
"566",54709,"Manhattan",740,"2-BR"
"567",54709,"Manhattan",913,"3-BR"
"568",54709,"Manhattan",757,"2-BR"
"569",54709,"Manhattan",638,"2-BR"
"570",54709,"Manhattan",922,"3-BR"
"571",54709,"Manhattan",993,"3-BR"
"572",54709,"Manhattan",954,"3-BR"
"573",54709,"Manhattan",722,"2-BR"
"574",54709,"Manhattan",849.5,"3-BR"
"575",54709,"Manhattan",835,"2-BR"
"576",54709,"Manhattan",906,"3-BR"
"577",54709,"Manhattan",777,"3-BR"
"578",54709,"Manhattan",913,"3-BR"
"579",54709,"Manhattan",779,"2-BR"
"580",54709,"Manhattan",959.5,"3-BR"
"581",54709,"Manhattan",610,"2-BR"
"582",54709,"Manhattan",704,"2-BR"
"583",54709,"Manhattan",468,"2-BR"
"584",54709,"Manhattan",736,"2-BR"
"585",54709,"Manhattan",975.5,"3-BR"
"586",54709,"Manhattan",828,"2-BR"
"587",54709,"Manhattan",909.5,"3-BR"
"588",51177,"Manhattan",599,"1-BR"
"589",51177,"Manhattan",451,"3-BR"
"590",51177,"Manhattan",590.5,"1-BR"
"591",51177,"Manhattan",776,"STUDIO"
"592",51177,"Manhattan",551.5,"3-BR"
"593",51177,"Manhattan",769,"2-BR"
"594",51177,"Manhattan",996,"2-BR"
"595",54709,"Manhattan",637.5,"3-BR"
"596",54709,"Manhattan",728,"1-BR"
"597",54709,"Manhattan",821,"2-BR"
"598",54709,"Manhattan",984.5,"3-BR"
"599",54709,"Manhattan",700,"1-BR"
"600",54709,"Manhattan",913,"3-BR"
"601",54709,"Manhattan",762,"2-BR"
"602",54709,"Manhattan",806.5,"2-BR"
"603",54709,"Manhattan",909,"1-BR"
"604",54709,"Manhattan",1129,"3-BR"
"605",54709,"Manhattan",657,"1-BR"
"606",54709,"Manhattan",1029.5,"2-BR"
"607",54709,"Manhattan",791,"3-BR"
"608",54709,"Manhattan",742,"1-BR"
"609",54709,"Manhattan",1123,"3-BR"
"610",54709,"Manhattan",914.5,"2-BR"
"611",54709,"Manhattan",589,"1-BR"
"612",54709,"Manhattan",1168,"3-BR"
"613",54709,"Manhattan",818.5,"2-BR"
"614",54709,"Manhattan",767,"2-BR"
"615",54709,"Manhattan",709,"1-BR"
"616",54709,"Manhattan",854,"2-BR"
"617",54709,"Manhattan",965.5,"3-BR"
"618",54709,"Manhattan",725,"1-BR"
"619",51177,"Manhattan",367,"2-BR"
"620",51177,"Manhattan",608,"2-BR"
"621",47868,"Manhattan",1123,"2-BR"
"622",47868,"Manhattan",1291,"3-BR"
"623",47868,"Manhattan",1899,"2-BR"
"624",47868,"Manhattan",1577,"1-BR"
"625",60049,"Manhattan",2050,"3-BR"
"626",60049,"Manhattan",1368,"1-BR"
"627",60049,"Manhattan",1593,"2-BR"
"628",60049,"Manhattan",2050,"3-BR"
"629",60049,"Manhattan",1368,"1-BR"
"630",60049,"Manhattan",1593,"2-BR"
"631",50278,"Bronx",1105,"2-BR"
"632",60431,"Bronx",1771,"1-BR"
"633",60431,"Bronx",2502,"3-BR"
"634",60431,"Bronx",2122,"2-BR"
"635",53437,"Bronx",1181,"1-BR"
"636",53437,"Bronx",1410,"2-BR"
"637",53437,"Bronx",1602,"3-BR"
"638",53437,"Bronx",1114,"1-BR"
"639",53437,"Bronx",1509,"3-BR"
"640",53437,"Bronx",1329,"2-BR"
"641",53437,"Bronx",1602,"3-BR"
"642",53437,"Bronx",1181,"1-BR"
"643",53437,"Bronx",1509,"3-BR"
"644",53437,"Bronx",1114,"1-BR"
"645",53437,"Bronx",1410,"2-BR"
"646",53437,"Bronx",1329,"2-BR"
"647",53188,"Bronx",732,"3-BR"
"648",53188,"Bronx",1274,"3-BR"
"649",53188,"Bronx",612,"1-BR"
"650",53188,"Bronx",1427,"4-BR"
"651",53188,"Bronx",585,"4-BR"
"652",53188,"Bronx",913,"1-BR"
"653",53188,"Bronx",614,"2-BR"
"654",53188,"Bronx",1105,"2-BR"
"655",53188,"Bronx",657,"1-BR"
"656",53188,"Bronx",612,"1-BR"
"657",53188,"Bronx",664,"2-BR"
"658",50278,"Bronx",1077.5,"3-BR"
"659",50278,"Bronx",872,"2-BR"
"660",58863,"Bronx",926,"STUDIO"
"661",58863,"Bronx",1050,"2-BR"
"662",58863,"Bronx",761,"1-BR"
"663",51252,"Bronx",1129,"3-BR"
"664",51252,"Bronx",989,"2-BR"
"665",51252,"Bronx",1189,"1-BR"
"666",51252,"Bronx",570,"2-BR"
"667",51252,"Bronx",1252,"2-BR"
"668",51252,"Bronx",899,"3-BR"
"669",51252,"Bronx",665,"3-BR"
"670",51252,"Bronx",670,"3-BR"
"671",51252,"Bronx",826.5,"2-BR"
"672",51252,"Bronx",609.5,"3-BR"
"673",51252,"Bronx",704,"2-BR"
"674",52827,"Bronx",1555,"STUDIO"
"675",52827,"Bronx",1082,"1-BR"
"676",52827,"Bronx",1265,"2-BR"
"677",52827,"Bronx",1025,"STUDIO"
"678",52827,"Bronx",1139,"2-BR"
"679",52827,"Bronx",1248,"1-BR"
"680",60034,"Bronx",683,"4-BR"
"681",60034,"Bronx",1036.5,"3-BR"
"682",60034,"Bronx",768,"1-BR"
"683",60034,"Bronx",1036.5,"3-BR"
"684",60034,"Bronx",1023,"2-BR"
"685",60034,"Bronx",1023,"2-BR"
"686",60034,"Bronx",675,"1-BR"
"687",60034,"Bronx",736,"3-BR"
"688",60034,"Bronx",683,"4-BR"
"689",60034,"Bronx",768,"1-BR"
"690",55026,"Bronx",762,"3-BR"
"691",50278,"Bronx",1071,"2-BR"
"692",50278,"Bronx",1015.5,"3-BR"
"693",50278,"Bronx",0,"1-BR"
"694",58659,"Bronx",739,"1-BR"
"695",58659,"Bronx",644,"1-BR"
"696",58659,"Bronx",703,"1-BR"
"697",47841,"Bronx",1370,"2-BR"
"698",47841,"Bronx",1148.5,"1-BR"
"699",47841,"Bronx",0,"2-BR"
"700",47841,"Bronx",1147,"1-BR"
"701",47841,"Bronx",1771,"3-BR"
"702",47841,"Bronx",1370,"2-BR"
"703",58608,"Bronx",639,"2-BR"
"704",58608,"Bronx",1043,"1-BR"
"705",58608,"Bronx",1041,"2-BR"
"706",58608,"Bronx",601,"1-BR"
"707",58608,"Bronx",1379,"2-BR"
"708",58608,"Bronx",842,"1-BR"
"709",50352,"Bronx",935,"3-BR"
"710",50352,"Bronx",924,"2-BR"
"711",47962,"Bronx",1263,"3-BR"
"712",47962,"Bronx",906,"2-BR"
"713",47962,"Bronx",917,"2-BR"
"714",47962,"Bronx",1279,"3-BR"
"715",58876,"Bronx",1450,"1-BR"
"716",58876,"Bronx",1750,"2-BR"
"717",58659,"Bronx",557,"1-BR"
"718",58659,"Bronx",786,"1-BR"
"719",58659,"Bronx",506,"1-BR"
"720",58659,"Bronx",832.5,"2-BR"
"721",58659,"Bronx",507,"1-BR"
"722",58659,"Bronx",528,"2-BR"
"723",58659,"Bronx",782.5,"3-BR"
"724",58659,"Bronx",700,"2-BR"
"725",58659,"Bronx",712,"1-BR"
"726",58659,"Bronx",791,"3-BR"
"727",58659,"Bronx",568,"3-BR"
"728",58659,"Bronx",564,"1-BR"
"729",58659,"Bronx",421,"1-BR"
"730",58659,"Bronx",500,"3-BR"
"731",58659,"Bronx",729,"3-BR"
"732",58659,"Bronx",711,"1-BR"
"733",58659,"Bronx",665.5,"1-BR"
"734",58659,"Bronx",542,"STUDIO"
"735",58659,"Bronx",950,"3-BR"
"736",58659,"Bronx",573.5,"1-BR"
"737",58659,"Bronx",854,"STUDIO"
"738",58659,"Bronx",1013,"3-BR"
"739",58659,"Bronx",523.5,"3-BR"
"740",58659,"Bronx",422,"2-BR"
"741",58659,"Bronx",575,"2-BR"
"742",58659,"Bronx",859,"2-BR"
"743",58876,"Bronx",1125,"STUDIO"
"744",58876,"Bronx",1440,"1-BR"
"745",58863,"Bronx",887.5,"2-BR"
"746",58863,"Bronx",896,"3-BR"
"747",58863,"Bronx",744,"1-BR"
"748",58863,"Bronx",1311,"2-BR"
"749",58863,"Bronx",1010.5,"3-BR"
"750",58863,"Bronx",321,"1-BR"
"751",53437,"Bronx",1532,"2-BR"
"752",53437,"Bronx",1276,"1-BR"
"753",53437,"Bronx",1203,"1-BR"
"754",53437,"Bronx",1724,"3-BR"
"755",53437,"Bronx",1625,"3-BR"
"756",53437,"Bronx",1444,"2-BR"
"757",58829,"Bronx",884,"3-BR"
"758",58829,"Bronx",891,"2-BR"
"759",58829,"Bronx",884,"3-BR"
"760",58829,"Bronx",894.5,"1-BR"
"761",58829,"Bronx",891,"2-BR"
"762",58829,"Bronx",894.5,"1-BR"
"763",60027,"Bronx",728,"1-BR"
"764",60027,"Bronx",574,"1-BR"
"765",60027,"Bronx",1047,"3-BR"
"766",60027,"Bronx",864.5,"3-BR"
"767",60027,"Bronx",875,"1-BR"
"768",60027,"Bronx",1020,"3-BR"
"769",60027,"Bronx",731,"1-BR"
"770",60027,"Bronx",1661,"3-BR"
"771",60027,"Bronx",1038,"1-BR"
"772",60027,"Bronx",1259,"2-BR"
"773",60027,"Bronx",1180,"3-BR"
"774",60027,"Bronx",1234,"2-BR"
"775",60027,"Bronx",1040,"2-BR"
"776",60027,"Bronx",1020,"3-BR"
"777",60027,"Bronx",1048.5,"3-BR"
"778",60027,"Bronx",800,"3-BR"
"779",60027,"Bronx",902,"2-BR"
"780",58863,"Bronx",949,"1-BR"
"781",58863,"Bronx",955.5,"2-BR"
"782",58863,"Bronx",1178,"3-BR"
"783",58863,"Bronx",881,"2-BR"
"784",52056,"Bronx",1068,"1-BR"
"785",52056,"Bronx",1309,"2-BR"
"786",52056,"Bronx",1309,"2-BR"
"787",50293,"Bronx",1059,"4-BR"
"788",50293,"Bronx",1059,"4-BR"
"789",50293,"Bronx",1233,"3-BR"
"790",50293,"Bronx",814.5,"1-BR"
"791",50293,"Bronx",987.5,"2-BR"
"792",50293,"Bronx",987.5,"2-BR"
"793",50293,"Bronx",814.5,"1-BR"
"794",50293,"Bronx",1233,"3-BR"
"795",61593,"Bronx",1279,"STUDIO"
"796",61593,"Bronx",0,"2-BR"
"797",61593,"Bronx",1562,"1-BR"
"798",60034,"Bronx",947.5,"2-BR"
"799",60034,"Bronx",849,"1-BR"
"800",60034,"Bronx",835.5,"3-BR"
"801",60034,"Bronx",887.5,"3-BR"
"802",60034,"Bronx",887.5,"3-BR"
"803",60034,"Bronx",714.5,"2-BR"
"804",60034,"Bronx",849,"1-BR"
"805",60034,"Bronx",947.5,"2-BR"
"806",60034,"Bronx",717,"2-BR"
"807",60034,"Bronx",717,"2-BR"
"808",60034,"Bronx",980,"4-BR"
"809",60034,"Bronx",688.5,"4-BR"
"810",60034,"Bronx",980,"4-BR"
"811",60034,"Bronx",781.5,"2-BR"
"812",60034,"Bronx",781.5,"2-BR"
"813",60034,"Bronx",907.5,"1-BR"
"814",60034,"Bronx",727,"2-BR"
"815",60034,"Bronx",907.5,"1-BR"
"816",60034,"Bronx",700,"1-BR"
"817",50352,"Bronx",942,"2-BR"
"818",50352,"Bronx",849,"3-BR"
"819",50352,"Bronx",830,"1-BR"
"820",58863,"Bronx",602,"STUDIO"
"821",58863,"Bronx",947.5,"2-BR"
"822",58863,"Bronx",848,"1-BR"
"823",52985,"Bronx",1015,"2-BR"
"824",52985,"Bronx",766,"1-BR"
"825",52985,"Bronx",1246,"1-BR"
"826",52985,"Bronx",905,"3-BR"
"827",52985,"Bronx",896,"1-BR"
"828",52985,"Bronx",1017.5,"3-BR"
"829",58863,"Bronx",1123,"3-BR"
"830",58863,"Bronx",764,"STUDIO"
"831",55026,"Bronx",1572,"3-BR"
"832",55026,"Bronx",1485,"2-BR"
"833",55026,"Bronx",715,"2-BR"
"834",55026,"Bronx",1215,"3-BR"
"835",55026,"Bronx",1059,"3-BR"
"836",55026,"Bronx",699,"2-BR"
"837",55026,"Bronx",699,"2-BR"
"838",55026,"Bronx",1485,"2-BR"
"839",55026,"Bronx",1572,"3-BR"
"840",55026,"Bronx",715,"2-BR"
"841",55026,"Bronx",1215,"3-BR"
"842",55026,"Bronx",1059,"3-BR"
"843",55026,"Bronx",578,"2-BR"
"844",55026,"Bronx",944,"2-BR"
"845",55026,"Bronx",1587,"2-BR"
"846",55026,"Bronx",416.5,"1-BR"
"847",55026,"Bronx",1463,"2-BR"
"848",55026,"Bronx",940,"1-BR"
"849",55026,"Bronx",1492,"4-BR"
"850",55026,"Bronx",1581.5,"4-BR"
"851",55026,"Bronx",796.5,"1-BR"
"852",55026,"Bronx",1066,"2-BR"
"853",55026,"Bronx",662,"2-BR"
"854",55026,"Bronx",1492,"4-BR"
"855",55026,"Bronx",1581.5,"4-BR"
"856",55026,"Bronx",662,"2-BR"
"857",55026,"Bronx",1463,"2-BR"
"858",55026,"Bronx",940,"1-BR"
"859",55026,"Bronx",796.5,"1-BR"
"860",55026,"Bronx",1066,"2-BR"
"861",50294,"Bronx",1162,"1-BR"
"862",50294,"Bronx",1009,"2-BR"
"863",50294,"Bronx",1005.5,"3-BR"
"864",60431,"Bronx",1602,"1-BR"
"865",60431,"Bronx",2067,"2-BR"
"866",60431,"Bronx",1344,"STUDIO"
"867",52662,"Bronx",1295,"STUDIO"
"868",52662,"Bronx",859,"1-BR"
"869",52662,"Bronx",901,"1-BR"
"870",52662,"Bronx",1935,"3-BR"
"871",52662,"Bronx",725,"STUDIO"
"872",52662,"Bronx",1063,"2-BR"
"873",52662,"Bronx",228,"3-BR"
"874",52662,"Bronx",792.5,"1-BR"
"875",52662,"Bronx",1261.5,"3-BR"
"876",52662,"Bronx",828,"1-BR"
"877",52662,"Bronx",966,"2-BR"
"878",52662,"Bronx",419,"2-BR"
"879",52662,"Bronx",1851,"3-BR"
"880",52662,"Bronx",787,"1-BR"
"881",52662,"Bronx",882,"2-BR"
"882",52662,"Bronx",1141,"2-BR"
"883",52662,"Bronx",880,"1-BR"
"884",52662,"Bronx",1171,"3-BR"
"885",52662,"Bronx",709,"1-BR"
"886",52662,"Bronx",731,"2-BR"
"887",52662,"Bronx",543,"STUDIO"
"888",52662,"Bronx",526.5,"1-BR"
"889",52662,"Bronx",1404,"2-BR"
"890",52662,"Bronx",1084,"2-BR"
"891",58863,"Bronx",1213,"2-BR"
"892",58863,"Bronx",643,"1-BR"
"893",60431,"Bronx",1912,"2-BR"
"894",60431,"Bronx",1912,"1-BR"
"895",60431,"Bronx",1912,"1-BR"
"896",60431,"Bronx",1912,"3-BR"
"897",52662,"Bronx",730,"STUDIO"
"898",52662,"Bronx",522,"STUDIO"
"899",52662,"Bronx",754,"1-BR"
"900",52662,"Bronx",639,"2-BR"
"901",52662,"Bronx",1057.5,"STUDIO"
"902",52662,"Bronx",888,"1-BR"
"903",52662,"Bronx",842.5,"1-BR"
"904",52662,"Bronx",734,"1-BR"
"905",52662,"Bronx",794.5,"STUDIO"
"906",52662,"Bronx",991,"2-BR"
"907",52662,"Bronx",1257,"1-BR"
"908",52662,"Bronx",936.5,"1-BR"
"909",52662,"Bronx",768,"2-BR"
"910",52662,"Bronx",775,"STUDIO"
"911",52662,"Bronx",1144.5,"2-BR"
"912",52662,"Bronx",719,"2-BR"
"913",52662,"Bronx",830,"STUDIO"
"914",52662,"Bronx",859,"1-BR"
"915",52662,"Bronx",1092.5,"STUDIO"
"916",52662,"Bronx",952,"2-BR"
"917",52662,"Bronx",947.5,"STUDIO"
"918",52662,"Bronx",921.5,"STUDIO"
"919",52662,"Bronx",903,"1-BR"
"920",52662,"Bronx",674,"STUDIO"
"921",52662,"Bronx",918,"2-BR"
"922",52662,"Bronx",964,"2-BR"
"923",52662,"Bronx",854,"2-BR"
"924",52662,"Bronx",756,"1-BR"
"925",52662,"Bronx",857,"1-BR"
"926",52662,"Bronx",823,"2-BR"
"927",52662,"Bronx",837,"1-BR"
"928",52662,"Bronx",983.5,"2-BR"
"929",52662,"Bronx",986,"1-BR"
"930",52662,"Bronx",952.5,"1-BR"
"931",52662,"Bronx",781.5,"STUDIO"
"932",52662,"Bronx",641,"STUDIO"
"933",52662,"Bronx",800,"1-BR"
"934",52662,"Bronx",985,"2-BR"
"935",52662,"Bronx",832,"1-BR"
"936",52662,"Bronx",983,"2-BR"
"937",52662,"Bronx",962,"2-BR"
"938",52662,"Bronx",732,"STUDIO"
"939",52662,"Bronx",646,"STUDIO"
"940",52662,"Bronx",960,"1-BR"
"941",52662,"Bronx",879,"2-BR"
"942",52662,"Bronx",1056,"2-BR"
"943",52662,"Bronx",777,"1-BR"
"944",52662,"Bronx",887,"2-BR"
"945",52662,"Bronx",972.5,"2-BR"
"946",52662,"Bronx",737,"1-BR"
"947",52662,"Bronx",886.5,"1-BR"
"948",52662,"Bronx",765,"2-BR"
"949",52662,"Bronx",806,"1-BR"
"950",52662,"Bronx",928,"2-BR"
"951",52662,"Bronx",705,"STUDIO"
"952",52662,"Bronx",792,"1-BR"
"953",52662,"Bronx",805.5,"STUDIO"
"954",52662,"Bronx",1061,"STUDIO"
"955",52662,"Bronx",669.5,"STUDIO"
"956",58863,"Bronx",981,"2-BR"
"957",58863,"Bronx",842,"STUDIO"
"958",58608,"Bronx",574.5,"2-BR"
"959",58608,"Bronx",519,"2-BR"
"960",58608,"Bronx",1230,"2-BR"
"961",58608,"Bronx",909,"1-BR"
"962",58608,"Bronx",1153.5,"2-BR"
"963",58608,"Bronx",1264,"1-BR"
"964",58608,"Bronx",659,"2-BR"
"965",58608,"Bronx",1094,"2-BR"
"966",58608,"Bronx",743,"1-BR"
"967",58608,"Bronx",676.5,"2-BR"
"968",58608,"Bronx",491,"2-BR"
"969",58608,"Bronx",715.5,"2-BR"
"970",58608,"Bronx",743,"1-BR"
"971",58608,"Bronx",702.5,"3-BR"
"972",58608,"Bronx",412,"2-BR"
"973",58608,"Bronx",770.5,"3-BR"
"974",58608,"Bronx",617,"2-BR"
"975",58608,"Bronx",575,"3-BR"
"976",58608,"Bronx",703,"2-BR"
"977",58608,"Bronx",1099.5,"4-BR"
"978",58608,"Bronx",995,"2-BR"
"979",58608,"Bronx",1310,"2-BR"
"980",58608,"Bronx",976,"1-BR"
"981",58608,"Bronx",809.5,"2-BR"
"982",58608,"Bronx",1100,"1-BR"
"983",58608,"Bronx",1615,"3-BR"
"984",58608,"Bronx",400,"2-BR"
"985",58659,"Bronx",702,"1-BR"
"986",58659,"Bronx",511,"2-BR"
"987",58659,"Bronx",663,"2-BR"
"988",58659,"Bronx",722,"1-BR"
"989",58659,"Bronx",462,"3-BR"
"990",58659,"Bronx",795,"3-BR"
"991",58659,"Bronx",623,"1-BR"
"992",52056,"Bronx",1480,"3-BR"
"993",52056,"Bronx",1068,"1-BR"
"994",52056,"Bronx",1309,"2-BR"
"995",52056,"Bronx",1068,"1-BR"
"996",52056,"Bronx",1309,"2-BR"
"997",52056,"Bronx",1480,"3-BR"
"998",52056,"Bronx",930,"STUDIO"
"999",52056,"Bronx",1480,"3-BR"
"1000",52056,"Bronx",1068,"1-BR"
"1001",52056,"Bronx",1309,"2-BR"
"1002",50352,"Bronx",827,"1-BR"
"1003",50352,"Bronx",859,"2-BR"
"1004",50352,"Bronx",986,"3-BR"
"1005",50278,"Bronx",624,"STUDIO"
"1006",50278,"Bronx",925,"2-BR"
"1007",50278,"Bronx",1443,"1-BR"
"1008",58863,"Bronx",922,"2-BR"
"1009",58863,"Bronx",974,"3-BR"
"1010",58863,"Bronx",758,"1-BR"
"1011",58863,"Bronx",872,"2-BR"
"1012",58863,"Bronx",778,"1-BR"
"1013",58863,"Bronx",833,"2-BR"
"1014",58863,"Bronx",835,"1-BR"
"1015",58863,"Bronx",891.5,"2-BR"
"1016",48731,"Bronx",1300.5,"4-BR"
"1017",48731,"Bronx",1025,"2-BR"
"1018",58235,"Bronx",1597,"1-BR"
"1019",58235,"Bronx",1552,"STUDIO"
"1020",58235,"Bronx",0,"2-BR"
"1021",50353,"Bronx",950,"2-BR"
"1022",50353,"Bronx",773,"1-BR"
"1023",47962,"Bronx",827.5,"1-BR"
"1024",47962,"Bronx",1288,"3-BR"
"1025",47962,"Bronx",924,"2-BR"
"1026",47962,"Bronx",1279,"3-BR"
"1027",47962,"Bronx",906,"2-BR"
"1028",47962,"Bronx",1391,"4-BR"
"1029",47962,"Bronx",924,"2-BR"
"1030",47962,"Bronx",1456,"4-BR"
"1031",47962,"Bronx",1242,"3-BR"
"1032",55026,"Bronx",760,"2-BR"
"1033",55026,"Bronx",1338,"3-BR"
"1034",55026,"Bronx",943.5,"4-BR"
"1035",55026,"Bronx",1504,"4-BR"
"1036",55026,"Bronx",1323,"3-BR"
"1037",58608,"Bronx",833,"4-BR"
"1038",58608,"Bronx",842,"1-BR"
"1039",58608,"Bronx",594,"1-BR"
"1040",58608,"Bronx",1263.5,"2-BR"
"1041",58608,"Bronx",1341,"3-BR"
"1042",58608,"Bronx",878,"1-BR"
"1043",58608,"Bronx",501,"3-BR"
"1044",58608,"Bronx",759,"2-BR"
"1045",58608,"Bronx",1501,"4-BR"
"1046",58608,"Bronx",1001.5,"2-BR"
"1047",58608,"Bronx",1331,"2-BR"
"1048",58608,"Bronx",818.5,"1-BR"
"1049",58608,"Bronx",799,"2-BR"
"1050",58608,"Bronx",818,"3-BR"
"1051",58608,"Bronx",1394,"3-BR"
"1052",58608,"Bronx",1425,"3-BR"
"1053",58608,"Bronx",721.5,"1-BR"
"1054",58608,"Bronx",987,"1-BR"
"1055",58608,"Bronx",1121,"2-BR"
"1056",58608,"Bronx",625,"1-BR"
"1057",58608,"Bronx",921,"1-BR"
"1058",58608,"Bronx",921,"3-BR"
"1059",58608,"Bronx",824,"4-BR"
"1060",58608,"Bronx",1459,"2-BR"
"1061",58608,"Bronx",458,"2-BR"
"1062",58608,"Bronx",1121,"2-BR"
"1063",58608,"Bronx",1992.5,"3-BR"
"1064",58608,"Bronx",1650,"4-BR"
"1065",58608,"Bronx",1202,"1-BR"
"1066",58608,"Bronx",2122,"3-BR"
"1067",52021,"Bronx",675,"2-BR"
"1068",52021,"Bronx",525,"1-BR"
"1069",52021,"Bronx",375,"STUDIO"
"1070",58608,"Bronx",831,"2-BR"
"1071",58608,"Bronx",668.5,"2-BR"
"1072",58608,"Bronx",373,"2-BR"
"1073",58608,"Bronx",747,"2-BR"
"1074",50278,"Bronx",1239.5,"1-BR"
"1075",50278,"Bronx",999,"2-BR"
"1076",50278,"Bronx",782,"3-BR"
"1077",58863,"Bronx",747,"1-BR"
"1078",58863,"Bronx",1004,"2-BR"
"1079",58863,"Bronx",440,"2-BR"
"1080",58863,"Bronx",913,"3-BR"
"1081",58863,"Bronx",872.5,"3-BR"
"1082",58863,"Bronx",752,"1-BR"
"1083",50278,"Bronx",856.5,"2-BR"
"1084",50278,"Bronx",1086,"3-BR"
"1085",50278,"Bronx",796,"1-BR"
"1086",58863,"Bronx",776,"STUDIO"
"1087",58863,"Bronx",1117.5,"2-BR"
"1088",58863,"Bronx",905.5,"2-BR"
"1089",58863,"Bronx",831,"1-BR"
"1090",58863,"Bronx",568,"STUDIO"
"1091",58863,"Bronx",943,"1-BR"
"1092",58863,"Bronx",1227.5,"2-BR"
"1093",58863,"Bronx",790,"1-BR"
"1094",58863,"Bronx",533,"3-BR"
"1095",58863,"Bronx",1117.5,"3-BR"
"1096",58863,"Bronx",834,"2-BR"
"1097",58863,"Bronx",852,"3-BR"
"1098",51252,"Bronx",925,"1-BR"
"1099",51252,"Bronx",1116,"3-BR"
"1100",51252,"Bronx",1121,"3-BR"
"1101",51252,"Bronx",559,"1-BR"
"1102",51252,"Bronx",1079.5,"2-BR"
"1103",51252,"Bronx",1003.5,"3-BR"
"1104",51252,"Bronx",819,"1-BR"
"1105",51252,"Bronx",833,"2-BR"
"1106",51252,"Bronx",910,"1-BR"
"1107",52888,"Bronx",1320.5,"2-BR"
"1108",52888,"Bronx",2064,"4-BR"
"1109",52888,"Bronx",1331,"1-BR"
"1110",52888,"Bronx",1213,"2-BR"
"1111",52888,"Bronx",1248,"3-BR"
"1112",52888,"Bronx",902,"STUDIO"
"1113",52888,"Bronx",1062,"1-BR"
"1114",52888,"Bronx",1299,"3-BR"
"1115",52888,"Bronx",1761,"4-BR"
"1116",52888,"Bronx",2558,"STUDIO"
"1117",60034,"Bronx",943,"2-BR"
"1118",60034,"Bronx",943,"2-BR"
"1119",60034,"Bronx",834,"2-BR"
"1120",60034,"Bronx",946,"3-BR"
"1121",60034,"Bronx",946,"3-BR"
"1122",60034,"Bronx",750,"3-BR"
"1123",60034,"Bronx",983.5,"3-BR"
"1124",60034,"Bronx",896,"3-BR"
"1125",60034,"Bronx",983.5,"3-BR"
"1126",52056,"Bronx",1311,"2-BR"
"1127",52056,"Bronx",1076,"1-BR"
"1128",52056,"Bronx",1711,"3-BR"
"1129",52056,"Bronx",1076,"1-BR"
"1130",52056,"Bronx",1311,"2-BR"
"1131",52056,"Bronx",1711,"3-BR"
"1132",52056,"Bronx",1311,"2-BR"
"1133",52056,"Bronx",1076,"1-BR"
"1134",52056,"Bronx",1711,"3-BR"
"1135",52056,"Bronx",1711,"3-BR"
"1136",52056,"Bronx",1311,"2-BR"
"1137",52056,"Bronx",1076,"1-BR"
"1138",52056,"Bronx",1711,"3-BR"
"1139",52056,"Bronx",1711,"3-BR"
"1140",52056,"Bronx",1076,"1-BR"
"1141",52056,"Bronx",1311,"2-BR"
"1142",51252,"Bronx",699,"3-BR"
"1143",51252,"Bronx",1123,"2-BR"
"1144",51252,"Bronx",811.5,"3-BR"
"1145",51252,"Bronx",698,"2-BR"
"1146",51252,"Bronx",410,"1-BR"
"1147",51252,"Bronx",913,"1-BR"
"1148",51252,"Bronx",465,"1-BR"
"1149",51252,"Bronx",1000,"1-BR"
"1150",51252,"Bronx",629,"3-BR"
"1151",51252,"Bronx",523.5,"2-BR"
"1152",51252,"Bronx",558,"2-BR"
"1153",50258,"Bronx",950.5,"3-BR"
"1154",50258,"Bronx",906.5,"1-BR"
"1155",50258,"Bronx",839.5,"2-BR"
"1156",50258,"Bronx",917.5,"3-BR"
"1157",50258,"Bronx",751,"1-BR"
"1158",50258,"Bronx",927,"2-BR"
"1159",60027,"Bronx",950,"2-BR"
"1160",60027,"Bronx",1409.5,"2-BR"
"1161",60027,"Bronx",712,"2-BR"
"1162",60027,"Bronx",1093.5,"2-BR"
"1163",60027,"Bronx",981,"2-BR"
"1164",60027,"Bronx",1445,"2-BR"
"1165",60027,"Bronx",1074,"3-BR"
"1166",60027,"Bronx",934,"1-BR"
"1167",60027,"Bronx",918,"2-BR"
"1168",60027,"Bronx",1001,"2-BR"
"1169",60027,"Bronx",1091,"1-BR"
"1170",60027,"Bronx",1047,"3-BR"
"1171",60027,"Bronx",1144,"3-BR"
"1172",60027,"Bronx",714,"1-BR"
"1173",60027,"Bronx",500,"1-BR"
"1174",60027,"Bronx",1301,"1-BR"
"1175",60027,"Bronx",1148,"3-BR"
"1176",60027,"Bronx",607,"1-BR"
"1177",60027,"Bronx",688.5,"3-BR"
"1178",60027,"Bronx",953.5,"2-BR"
"1179",60027,"Bronx",1543.5,"3-BR"
"1180",50353,"Bronx",1046,"3-BR"
"1181",50353,"Bronx",705,"1-BR"
"1182",50353,"Bronx",1100,"2-BR"
"1183",50353,"Bronx",922,"2-BR"
"1184",50353,"Bronx",720.5,"1-BR"
"1185",50353,"Bronx",1231,"3-BR"
"1186",50353,"Bronx",950,"2-BR"
"1187",50353,"Bronx",1135,"2-BR"
"1188",50353,"Bronx",881,"3-BR"
"1189",60431,"Bronx",2015,"2-BR"
"1190",60431,"Bronx",1679,"1-BR"
"1191",60431,"Bronx",2377,"3-BR"
"1192",50278,"Bronx",1062.5,"3-BR"
"1193",50278,"Bronx",1069,"2-BR"
"1194",50278,"Bronx",699,"1-BR"
"1195",48731,"Bronx",1082,"2-BR"
"1196",48731,"Bronx",847,"1-BR"
"1197",60431,"Bronx",2502,"3-BR"
"1198",60431,"Bronx",1771,"1-BR"
"1199",60431,"Bronx",2122,"2-BR"
"1200",52701,"Brooklyn",706.5,"STUDIO"
"1201",52701,"Brooklyn",982,"STUDIO"
"1202",52701,"Brooklyn",761,"STUDIO"
"1203",52701,"Brooklyn",683,"STUDIO"
"1204",52701,"Brooklyn",982,"STUDIO"
"1205",52701,"Brooklyn",703,"STUDIO"
"1206",52701,"Brooklyn",982,"STUDIO"
"1207",52737,"Brooklyn",980,"2-BR"
"1208",52737,"Brooklyn",904,"STUDIO"
"1209",52737,"Brooklyn",1092,"1-BR"
"1210",52737,"Brooklyn",1072,"2-BR"
"1211",52737,"Brooklyn",885.5,"2-BR"
"1212",52737,"Brooklyn",623,"1-BR"
"1213",52737,"Brooklyn",631,"1-BR"
"1214",52737,"Brooklyn",589,"2-BR"
"1215",52737,"Brooklyn",751,"2-BR"
"1216",52737,"Brooklyn",732,"2-BR"
"1217",52737,"Brooklyn",631,"1-BR"
"1218",52737,"Brooklyn",716,"1-BR"
"1219",52737,"Brooklyn",668.5,"1-BR"
"1220",52737,"Brooklyn",943,"1-BR"
"1221",52737,"Brooklyn",645,"1-BR"
"1222",52737,"Brooklyn",767,"1-BR"
"1223",52737,"Brooklyn",890,"STUDIO"
"1224",52737,"Brooklyn",687,"STUDIO"
"1225",52737,"Brooklyn",562,"STUDIO"
"1226",52737,"Brooklyn",787,"1-BR"
"1227",52737,"Brooklyn",898,"2-BR"
"1228",54727,"Brooklyn",1408,"1-BR"
"1229",54727,"Brooklyn",1705,"1-BR"
"1230",54727,"Brooklyn",1182,"STUDIO"
"1231",54727,"Brooklyn",1470,"STUDIO"
"1232",54727,"Brooklyn",0,"2-BR"
"1233",53157,"Brooklyn",503.5,"2-BR"
"1234",53157,"Brooklyn",915,"5-BR"
"1235",53157,"Brooklyn",1590,"5-BR"
"1236",53157,"Brooklyn",763,"3-BR"
"1237",53157,"Brooklyn",736,"3-BR"
"1238",53157,"Brooklyn",675.5,"3-BR"
"1239",53157,"Brooklyn",624,"2-BR"
"1240",53157,"Brooklyn",624,"2-BR"
"1241",53157,"Brooklyn",833,"4-BR"
"1242",53157,"Brooklyn",750,"2-BR"
"1243",53157,"Brooklyn",685,"2-BR"
"1244",53157,"Brooklyn",750,"3-BR"
"1245",52405,"Brooklyn",827.5,"1-BR"
"1246",52405,"Brooklyn",1100,"2-BR"
"1247",58980,"Brooklyn",1110.5,"2-BR"
"1248",58980,"Brooklyn",591,"STUDIO"
"1249",58980,"Brooklyn",954,"2-BR"
"1250",58980,"Brooklyn",432,"STUDIO"
"1251",58980,"Brooklyn",719,"STUDIO"
"1252",58980,"Brooklyn",1352,"3-BR"
"1253",58980,"Brooklyn",763,"1-BR"
"1254",58980,"Brooklyn",432,"STUDIO"
"1255",58980,"Brooklyn",877,"2-BR"
"1256",58980,"Brooklyn",1176,"2-BR"
"1257",58980,"Brooklyn",768,"2-BR"
"1258",58980,"Brooklyn",1176,"2-BR"
"1259",58980,"Brooklyn",564,"2-BR"
"1260",58980,"Brooklyn",641,"STUDIO"
"1261",58980,"Brooklyn",564,"2-BR"
"1262",58980,"Brooklyn",1246,"3-BR"
"1263",58980,"Brooklyn",1176,"2-BR"
"1264",58980,"Brooklyn",645,"3-BR"
"1265",52757,"Brooklyn",776,"STUDIO"
"1266",52757,"Brooklyn",740,"2-BR"
"1267",52757,"Brooklyn",699,"STUDIO"
"1268",52757,"Brooklyn",815,"2-BR"
"1269",58908,"Brooklyn",1535,"STUDIO"
"1270",58908,"Brooklyn",1864,"1-BR"
"1271",58908,"Brooklyn",1775,"STUDIO"
"1272",58908,"Brooklyn",2156,"1-BR"
"1273",58908,"Brooklyn",0,"2-BR"
"1274",53157,"Brooklyn",537,"2-BR"
"1275",53157,"Brooklyn",980,"6-BR"
"1276",53157,"Brooklyn",1123,"2-BR"
"1277",53157,"Brooklyn",445,"STUDIO"
"1278",53157,"Brooklyn",758,"3-BR"
"1279",53157,"Brooklyn",901,"4-BR"
"1280",53157,"Brooklyn",808,"STUDIO"
"1281",53157,"Brooklyn",790,"3-BR"
"1282",52737,"Brooklyn",937,"1-BR"
"1283",52737,"Brooklyn",907.5,"2-BR"
"1284",52737,"Brooklyn",935,"1-BR"
"1285",52737,"Brooklyn",308,"2-BR"
"1286",52737,"Brooklyn",800,"2-BR"
"1287",52737,"Brooklyn",664,"2-BR"
"1288",53157,"Brooklyn",696,"3-BR"
"1289",53157,"Brooklyn",913,"5-BR"
"1290",52737,"Brooklyn",926,"1-BR"
"1291",52737,"Brooklyn",1359,"3-BR"
"1292",52737,"Brooklyn",1079,"4-BR"
"1293",52737,"Brooklyn",1206,"1-BR"
"1294",52737,"Brooklyn",920,"2-BR"
"1295",52737,"Brooklyn",920,"2-BR"
"1296",52737,"Brooklyn",926,"1-BR"
"1297",52737,"Brooklyn",1359,"3-BR"
"1298",52737,"Brooklyn",1206,"1-BR"
"1299",52737,"Brooklyn",1079,"4-BR"
"1300",53157,"Brooklyn",750,"3-BR"
"1301",53157,"Brooklyn",543,"1-BR"
"1302",53157,"Brooklyn",750,"3-BR"
"1303",53157,"Brooklyn",685,"2-BR"
"1304",53157,"Brooklyn",760,"2-BR"
"1305",53157,"Brooklyn",750,"3-BR"
"1306",53157,"Brooklyn",605,"2-BR"
"1307",53157,"Brooklyn",558,"3-BR"
"1308",53157,"Brooklyn",801,"3-BR"
"1309",52757,"Brooklyn",926,"3-BR"
"1310",52757,"Brooklyn",954,"1-BR"
"1311",52757,"Brooklyn",827,"2-BR"
"1312",52757,"Brooklyn",665.5,"STUDIO"
"1313",52757,"Brooklyn",804,"2-BR"
"1314",52757,"Brooklyn",702.5,"1-BR"
"1315",52757,"Brooklyn",1023,"3-BR"
"1316",53157,"Brooklyn",646,"2-BR"
"1317",53157,"Brooklyn",785,"3-BR"
"1318",52737,"Brooklyn",817,"4-BR"
"1319",52737,"Brooklyn",817,"4-BR"
"1320",52737,"Brooklyn",668,"3-BR"
"1321",52737,"Brooklyn",668,"3-BR"
"1322",52737,"Brooklyn",496,"1-BR"
"1323",52737,"Brooklyn",496,"1-BR"
"1324",53011,"Brooklyn",1154,"3-BR"
"1325",53011,"Brooklyn",1081.5,"2-BR"
"1326",53011,"Brooklyn",915.5,"1-BR"
"1327",53011,"Brooklyn",1149,"2-BR"
"1328",53011,"Brooklyn",867,"STUDIO"
"1329",53157,"Brooklyn",750,"3-BR"
"1330",53157,"Brooklyn",860,"4-BR"
"1331",60431,"Brooklyn",2301,"2-BR"
"1332",60431,"Brooklyn",1938,"1-BR"
"1333",60431,"Brooklyn",2404,"3-BR"
"1334",60431,"Brooklyn",1926,"1-BR"
"1335",53157,"Brooklyn",600,"1-BR"
"1336",53157,"Brooklyn",1153.5,"4-BR"
"1337",53157,"Brooklyn",504,"STUDIO"
"1338",53157,"Brooklyn",514,"STUDIO"
"1339",53157,"Brooklyn",735,"5-BR"
"1340",53157,"Brooklyn",1447,"4-BR"
"1341",53157,"Brooklyn",790,"4-BR"
"1342",53157,"Brooklyn",685,"2-BR"
"1343",53157,"Brooklyn",750,"3-BR"
"1344",53157,"Brooklyn",600,"1-BR"
"1345",53157,"Brooklyn",860,"4-BR"
"1346",53157,"Brooklyn",860,"4-BR"
"1347",53157,"Brooklyn",685,"2-BR"
"1348",53157,"Brooklyn",750,"3-BR"
"1349",53157,"Brooklyn",600,"1-BR"
"1350",53157,"Brooklyn",731.5,"3-BR"
"1351",53157,"Brooklyn",750,"3-BR"
"1352",53157,"Brooklyn",750,"3-BR"
"1353",53157,"Brooklyn",685,"2-BR"
"1354",53157,"Brooklyn",600,"1-BR"
"1355",53157,"Brooklyn",750,"3-BR"
"1356",52665,"Brooklyn",821,"3-BR"
"1357",52665,"Brooklyn",450,"1-BR"
"1358",52665,"Brooklyn",693,"2-BR"
"1359",50059,"Brooklyn",1182,"3-BR"
"1360",50059,"Brooklyn",1025,"2-BR"
"1361",50059,"Brooklyn",847,"1-BR"
"1362",50059,"Brooklyn",690,"1-BR"
"1363",50059,"Brooklyn",788,"STUDIO"
"1364",50059,"Brooklyn",864,"1-BR"
"1365",50059,"Brooklyn",1046,"2-BR"
"1366",50059,"Brooklyn",690,"1-BR"
"1367",50059,"Brooklyn",1182,"3-BR"
"1368",50206,"Brooklyn",1002,"2-BR"
"1369",50206,"Brooklyn",324,"2-BR"
"1370",50206,"Brooklyn",816,"3-BR"
"1371",50206,"Brooklyn",853.5,"1-BR"
"1372",50206,"Brooklyn",853,"3-BR"
"1373",50206,"Brooklyn",1106,"3-BR"
"1374",50206,"Brooklyn",681,"1-BR"
"1375",50206,"Brooklyn",0,"2-BR"
"1376",50206,"Brooklyn",1070.5,"2-BR"
"1377",50206,"Brooklyn",801,"1-BR"
"1378",50206,"Brooklyn",1200.5,"4-BR"
"1379",50206,"Brooklyn",1084,"3-BR"
"1380",50206,"Brooklyn",1239.5,"4-BR"
"1381",50206,"Brooklyn",827,"2-BR"
"1382",50206,"Brooklyn",749.5,"1-BR"
"1383",53157,"Brooklyn",693,"3-BR"
"1384",53157,"Brooklyn",687,"1-BR"
"1385",53157,"Brooklyn",692,"2-BR"
"1386",53157,"Brooklyn",768.5,"3-BR"
"1387",53157,"Brooklyn",1447,"4-BR"
"1388",53157,"Brooklyn",800,"3-BR"
"1389",53157,"Brooklyn",756.5,"2-BR"
"1390",53157,"Brooklyn",1319,"5-BR"
"1391",53157,"Brooklyn",650,"5-BR"
"1392",53157,"Brooklyn",745,"3-BR"
"1393",53157,"Brooklyn",600,"2-BR"
"1394",53157,"Brooklyn",714,"3-BR"
"1395",53157,"Brooklyn",578,"2-BR"
"1396",50059,"Brooklyn",864,"1-BR"
"1397",50059,"Brooklyn",847,"1-BR"
"1398",50059,"Brooklyn",1182,"1-BR"
"1399",50059,"Brooklyn",847,"1-BR"
"1400",52752,"Brooklyn",934,"2-BR"
"1401",52752,"Brooklyn",824,"2-BR"
"1402",52752,"Brooklyn",672.5,"1-BR"
"1403",52752,"Brooklyn",797,"1-BR"
"1404",52752,"Brooklyn",927,"2-BR"
"1405",52752,"Brooklyn",815,"2-BR"
"1406",52752,"Brooklyn",784.5,"1-BR"
"1407",52752,"Brooklyn",215,"STUDIO"
"1408",52752,"Brooklyn",779,"2-BR"
"1409",52752,"Brooklyn",298.5,"STUDIO"
"1410",52752,"Brooklyn",898,"2-BR"
"1411",52752,"Brooklyn",218.5,"STUDIO"
"1412",52752,"Brooklyn",964,"2-BR"
"1413",52752,"Brooklyn",806,"2-BR"
"1414",52756,"Brooklyn",766,"1-BR"
"1415",52756,"Brooklyn",489,"2-BR"
"1416",52756,"Brooklyn",935,"1-BR"
"1417",53157,"Brooklyn",661.5,"2-BR"
"1418",53157,"Brooklyn",790,"4-BR"
"1419",53157,"Brooklyn",685,"4-BR"
"1420",53157,"Brooklyn",784,"2-BR"
"1421",53157,"Brooklyn",637,"3-BR"
"1422",50207,"Brooklyn",736,"2-BR"
"1423",50207,"Brooklyn",734,"2-BR"
"1424",50059,"Brooklyn",807,"STUDIO"
"1425",50059,"Brooklyn",788,"STUDIO"
"1426",53157,"Brooklyn",1123,"2-BR"
"1427",53157,"Brooklyn",1021,"3-BR"
"1428",52752,"Brooklyn",799,"2-BR"
"1429",52752,"Brooklyn",828,"2-BR"
"1430",52752,"Brooklyn",1119,"3-BR"
"1431",50059,"Brooklyn",983,"3-BR"
"1432",50059,"Brooklyn",1323,"4-BR"
"1433",50059,"Brooklyn",1236,"3-BR"
"1434",50059,"Brooklyn",1070.5,"3-BR"
"1435",50059,"Brooklyn",964,"3-BR"
"1436",50059,"Brooklyn",1182,"3-BR"
"1437",50059,"Brooklyn",1349,"4-BR"
"1438",53157,"Brooklyn",961,"4-BR"
"1439",53157,"Brooklyn",584,"2-BR"
"1440",53157,"Brooklyn",536,"3-BR"
"1441",53157,"Brooklyn",447,"2-BR"
"1442",53157,"Brooklyn",948,"2-BR"
"1443",53157,"Brooklyn",1292,"3-BR"
"1444",53157,"Brooklyn",860,"4-BR"
"1445",53157,"Brooklyn",546,"2-BR"
"1446",53157,"Brooklyn",815,"4-BR"
"1447",53157,"Brooklyn",600,"1-BR"
"1448",58864,"Brooklyn",945.5,"2-BR"
"1449",58864,"Brooklyn",728,"1-BR"
"1450",58864,"Brooklyn",867.5,"2-BR"
"1451",53157,"Brooklyn",651,"2-BR"
"1452",53157,"Brooklyn",629.5,"2-BR"
"1453",53157,"Brooklyn",692.5,"2-BR"
"1454",53157,"Brooklyn",585,"2-BR"
"1455",53157,"Brooklyn",725,"3-BR"
"1456",53157,"Brooklyn",685,"2-BR"
"1457",53157,"Brooklyn",699,"2-BR"
"1458",53157,"Brooklyn",1065,"4-BR"
"1459",53157,"Brooklyn",1123,"2-BR"
"1460",50206,"Brooklyn",0,"1-BR"
"1461",50206,"Brooklyn",0,"STUDIO"
"1462",50206,"Brooklyn",337,"1-BR"
"1463",50206,"Brooklyn",870,"STUDIO"
"1464",50206,"Brooklyn",940,"1-BR"
"1465",52757,"Brooklyn",826,"2-BR"
"1466",52757,"Brooklyn",829,"1-BR"
"1467",52757,"Brooklyn",940,"3-BR"
"1468",52757,"Brooklyn",1031,"3-BR"
"1469",52757,"Brooklyn",1303,"1-BR"
"1470",52757,"Brooklyn",893,"STUDIO"
"1471",53157,"Brooklyn",848,"3-BR"
"1472",53157,"Brooklyn",836,"3-BR"
"1473",53157,"Brooklyn",523,"1-BR"
"1474",53157,"Brooklyn",606,"1-BR"
"1475",53157,"Brooklyn",702,"2-BR"
"1476",53157,"Brooklyn",685,"2-BR"
"1477",53157,"Brooklyn",804,"4-BR"
"1478",53157,"Brooklyn",758,"4-BR"
"1479",53157,"Brooklyn",728.5,"3-BR"
"1480",53157,"Brooklyn",1292,"3-BR"
"1481",53157,"Brooklyn",643,"2-BR"
"1482",58864,"Brooklyn",974,"2-BR"
"1483",58864,"Brooklyn",850,"1-BR"
"1484",58864,"Brooklyn",643,"1-BR"
"1485",58864,"Brooklyn",1081,"2-BR"
"1486",50193,"Brooklyn",913,"1-BR"
"1487",50193,"Brooklyn",434,"1-BR"
"1488",50193,"Brooklyn",846,"1-BR"
"1489",50193,"Brooklyn",394,"1-BR"
"1490",50206,"Brooklyn",922,"1-BR"
"1491",50206,"Brooklyn",475,"3-BR"
"1492",50206,"Brooklyn",1311,"3-BR"
"1493",50206,"Brooklyn",1367,"3-BR"
"1494",50206,"Brooklyn",0,"3-BR"
"1495",50206,"Brooklyn",1777,"2-BR"
"1496",50206,"Brooklyn",940,"1-BR"
"1497",50206,"Brooklyn",670,"4-BR"
"1498",50206,"Brooklyn",694,"4-BR"
"1499",50206,"Brooklyn",0,"2-BR"
"1500",50206,"Brooklyn",825,"3-BR"
"1501",50206,"Brooklyn",791,"3-BR"
"1502",50206,"Brooklyn",618,"2-BR"
"1503",50206,"Brooklyn",922,"1-BR"
"1504",50206,"Brooklyn",922,"1-BR"
"1505",50206,"Brooklyn",886.5,"2-BR"
"1506",50206,"Brooklyn",940,"STUDIO"
"1507",50206,"Brooklyn",1135,"2-BR"
"1508",50206,"Brooklyn",0,"4-BR"
"1509",50206,"Brooklyn",940,"1-BR"
"1510",50206,"Brooklyn",0,"1-BR"
"1511",50206,"Brooklyn",1985,"4-BR"
"1512",50206,"Brooklyn",0,"2-BR"
"1513",48908,"Brooklyn",0,"2-BR"
"1514",52757,"Brooklyn",1018,"2-BR"
"1515",52757,"Brooklyn",11440,"1-BR"
"1516",52757,"Brooklyn",1265,"3-BR"
"1517",52757,"Brooklyn",835,"2-BR"
"1518",52757,"Brooklyn",807,"1-BR"
"1519",50059,"Brooklyn",704,"1-BR"
"1520",50059,"Brooklyn",864,"1-BR"
"1521",50059,"Brooklyn",530,"1-BR"
"1522",50059,"Brooklyn",847,"1-BR"
"1523",53157,"Brooklyn",555,"3-BR"
"1524",53157,"Brooklyn",612,"2-BR"
"1525",53157,"Brooklyn",750,"2-BR"
"1526",53157,"Brooklyn",640,"2-BR"
"1527",53157,"Brooklyn",860,"4-BR"
"1528",53157,"Brooklyn",1123,"2-BR"
"1529",53157,"Brooklyn",599,"2-BR"
"1530",53157,"Brooklyn",828,"4-BR"
"1531",53157,"Brooklyn",735,"1-BR"
"1532",53157,"Brooklyn",867,"STUDIO"
"1533",53157,"Brooklyn",594,"4-BR"
"1534",53157,"Brooklyn",600,"1-BR"
"1535",53157,"Brooklyn",1447,"4-BR"
"1536",53157,"Brooklyn",851,"4-BR"
"1537",53157,"Brooklyn",685,"2-BR"
"1538",53157,"Brooklyn",929,"2-BR"
"1539",53157,"Brooklyn",782,"4-BR"
"1540",53157,"Brooklyn",607,"1-BR"
"1541",53157,"Brooklyn",1447,"4-BR"
"1542",53157,"Brooklyn",735,"4-BR"
"1543",53157,"Brooklyn",460,"1-BR"
"1544",53157,"Brooklyn",636,"2-BR"
"1545",50193,"Brooklyn",484,"3-BR"
"1546",50193,"Brooklyn",853,"2-BR"
"1547",50193,"Brooklyn",686.5,"3-BR"
"1548",50193,"Brooklyn",377.5,"STUDIO"
"1549",50193,"Brooklyn",675,"3-BR"
"1550",50193,"Brooklyn",847,"STUDIO"
"1551",50193,"Brooklyn",851,"1-BR"
"1552",50193,"Brooklyn",821,"1-BR"
"1553",50193,"Brooklyn",913,"1-BR"
"1554",50193,"Brooklyn",895,"1-BR"
"1555",50193,"Brooklyn",756.5,"1-BR"
"1556",50193,"Brooklyn",623,"1-BR"
"1557",50193,"Brooklyn",913,"1-BR"
"1558",50193,"Brooklyn",866,"1-BR"
"1559",50193,"Brooklyn",698,"1-BR"
"1560",50193,"Brooklyn",720,"STUDIO"
"1561",50193,"Brooklyn",781.5,"1-BR"
"1562",53157,"Brooklyn",200,"1-BR"
"1563",53157,"Brooklyn",414,"STUDIO"
"1564",53157,"Brooklyn",860,"4-BR"
"1565",53157,"Brooklyn",810,"4-BR"
"1566",53157,"Brooklyn",737,"3-BR"
"1567",53157,"Brooklyn",750,"3-BR"
"1568",53157,"Brooklyn",1292,"3-BR"
"1569",53157,"Brooklyn",750,"STUDIO"
"1570",58864,"Brooklyn",710,"1-BR"
"1571",58864,"Brooklyn",472,"STUDIO"
"1572",53157,"Brooklyn",860,"5-BR"
"1573",53157,"Brooklyn",666,"3-BR"
"1574",53157,"Brooklyn",789.5,"3-BR"
"1575",53157,"Brooklyn",505,"STUDIO"
"1576",53157,"Brooklyn",488,"STUDIO"
"1577",53157,"Brooklyn",800,"2-BR"
"1578",53157,"Brooklyn",685,"2-BR"
"1579",53157,"Brooklyn",600,"1-BR"
"1580",53157,"Brooklyn",846,"3-BR"
"1581",53157,"Brooklyn",526,"1-BR"
"1582",53157,"Brooklyn",810,"5-BR"
"1583",53157,"Brooklyn",1123,"2-BR"
"1584",53157,"Brooklyn",607,"1-BR"
"1585",53157,"Brooklyn",618,"3-BR"
"1586",53157,"Brooklyn",1067,"3-BR"
"1587",50206,"Brooklyn",775,"3-BR"
"1588",50206,"Brooklyn",613,"3-BR"
"1589",50206,"Brooklyn",1134,"STUDIO"
"1590",50206,"Brooklyn",954,"2-BR"
"1591",50206,"Brooklyn",1524,"4-BR"
"1592",50206,"Brooklyn",0,"4-BR"
"1593",50206,"Brooklyn",608,"2-BR"
"1594",50206,"Brooklyn",1035,"4-BR"
"1595",50206,"Brooklyn",395.5,"2-BR"
"1596",50206,"Brooklyn",602,"1-BR"
"1597",50206,"Brooklyn",782.5,"3-BR"
"1598",50206,"Brooklyn",641,"1-BR"
"1599",50206,"Brooklyn",595,"1-BR"
"1600",53157,"Brooklyn",720,"3-BR"
"1601",53157,"Brooklyn",560,"1-BR"
"1602",53157,"Brooklyn",931,"1-BR"
"1603",53157,"Brooklyn",799,"4-BR"
"1604",53157,"Brooklyn",860,"4-BR"
"1605",53157,"Brooklyn",685,"2-BR"
"1606",53157,"Brooklyn",546,"1-BR"
"1607",53157,"Brooklyn",685,"3-BR"
"1608",50206,"Brooklyn",1531,"2-BR"
"1609",50206,"Brooklyn",1135,"2-BR"
"1610",50206,"Brooklyn",0,"1-BR"
"1611",50206,"Brooklyn",0,"2-BR"
"1612",50223,"Brooklyn",1066,"1-BR"
"1613",50223,"Brooklyn",1265,"3-BR"
"1614",50223,"Brooklyn",840,"3-BR"
"1615",50223,"Brooklyn",1103.5,"1-BR"
"1616",50223,"Brooklyn",684,"2-BR"
"1617",50223,"Brooklyn",1102,"2-BR"
"1618",52752,"Brooklyn",1028,"2-BR"
"1619",52752,"Brooklyn",230,"STUDIO"
"1620",52752,"Brooklyn",784.5,"1-BR"
"1621",52752,"Brooklyn",215,"STUDIO"
"1622",50059,"Brooklyn",1046,"2-BR"
"1623",50059,"Brooklyn",690,"1-BR"
"1624",50059,"Brooklyn",1025,"2-BR"
"1625",50059,"Brooklyn",836,"2-BR"
"1626",50059,"Brooklyn",844.5,"2-BR"
"1627",50059,"Brooklyn",847,"1-BR"
"1628",50059,"Brooklyn",866,"1-BR"
"1629",52737,"Brooklyn",950,"3-BR"
"1630",52737,"Brooklyn",1012.5,"3-BR"
"1631",58864,"Brooklyn",908.5,"3-BR"
"1632",58864,"Brooklyn",978,"2-BR"
"1633",53157,"Brooklyn",846,"4-BR"
"1634",53157,"Brooklyn",1447,"3-BR"
"1635",53157,"Brooklyn",1080.5,"4-BR"
"1636",52737,"Brooklyn",961,"2-BR"
"1637",52737,"Brooklyn",736.5,"2-BR"
"1638",52737,"Brooklyn",323,"1-BR"
"1639",52737,"Brooklyn",698,"1-BR"
"1640",53157,"Brooklyn",750,"3-BR"
"1641",53157,"Brooklyn",631,"3-BR"
"1642",53157,"Brooklyn",860,"4-BR"
"1643",53157,"Brooklyn",1590,"5-BR"
"1644",53157,"Brooklyn",1123,"2-BR"
"1645",53157,"Brooklyn",685,"3-BR"
"1646",53157,"Brooklyn",680,"2-BR"
"1647",53157,"Brooklyn",786,"2-BR"
"1648",53157,"Brooklyn",1292,"3-BR"
"1649",53157,"Brooklyn",750,"3-BR"
"1650",53157,"Brooklyn",749,"3-BR"
"1651",53157,"Brooklyn",750,"2-BR"
"1652",53157,"Brooklyn",1021,"3-BR"
"1653",52752,"Brooklyn",920,"3-BR"
"1654",52752,"Brooklyn",916.5,"2-BR"
"1655",50201,"Brooklyn",715,"2-BR"
"1656",50201,"Brooklyn",455,"1-BR"
"1657",50201,"Brooklyn",733,"4-BR"
"1658",50201,"Brooklyn",715,"4-BR"
"1659",50201,"Brooklyn",449,"1-BR"
"1660",50201,"Brooklyn",675.5,"3-BR"
"1661",50201,"Brooklyn",672,"2-BR"
"1662",50201,"Brooklyn",2538,"3-BR"
"1663",50201,"Brooklyn",637,"3-BR"
"1664",50201,"Brooklyn",2198,"2-BR"
"1665",53157,"Brooklyn",600,"1-BR"
"1666",53157,"Brooklyn",1021,"3-BR"
"1667",53157,"Brooklyn",862,"1-BR"
"1668",53157,"Brooklyn",860,"4-BR"
"1669",58864,"Brooklyn",948,"2-BR"
"1670",58864,"Brooklyn",711,"2-BR"
"1671",58864,"Brooklyn",940,"2-BR"
"1672",58864,"Brooklyn",546,"2-BR"
"1673",53011,"Brooklyn",1059,"2-BR"
"1674",53011,"Brooklyn",906,"2-BR"
"1675",52752,"Brooklyn",992,"2-BR"
"1676",52752,"Brooklyn",963,"2-BR"
"1677",52752,"Brooklyn",660,"1-BR"
"1678",52752,"Brooklyn",850,"2-BR"
"1679",52752,"Brooklyn",829,"2-BR"
"1680",52752,"Brooklyn",886,"2-BR"
"1681",50206,"Brooklyn",986.5,"1-BR"
"1682",50206,"Brooklyn",1085.5,"3-BR"
"1683",50206,"Brooklyn",1065.5,"3-BR"
"1684",50206,"Brooklyn",1067,"3-BR"
"1685",50206,"Brooklyn",1284,"4-BR"
"1686",50206,"Brooklyn",1474,"STUDIO"
"1687",50206,"Brooklyn",675,"2-BR"
"1688",50206,"Brooklyn",897.5,"2-BR"
"1689",50206,"Brooklyn",987,"4-BR"
"1690",50206,"Brooklyn",914.5,"2-BR"
"1691",50206,"Brooklyn",327.5,"1-BR"
"1692",50206,"Brooklyn",946,"2-BR"
"1693",50206,"Brooklyn",0,"2-BR"
"1694",50206,"Brooklyn",843,"3-BR"
"1695",50206,"Brooklyn",931,"4-BR"
"1696",50206,"Brooklyn",868,"3-BR"
"1697",50206,"Brooklyn",0,"STUDIO"
"1698",50206,"Brooklyn",637.5,"2-BR"
"1699",50206,"Brooklyn",714.5,"1-BR"
"1700",50206,"Brooklyn",867,"4-BR"
"1701",50206,"Brooklyn",916,"3-BR"
"1702",50206,"Brooklyn",1311,"STUDIO"
"1703",50206,"Brooklyn",733,"2-BR"
"1704",50206,"Brooklyn",1105.5,"4-BR"
"1705",50206,"Brooklyn",1064,"3-BR"
"1706",50206,"Brooklyn",745,"1-BR"
"1707",50206,"Brooklyn",1435,"4-BR"
"1708",50206,"Brooklyn",1026.5,"2-BR"
"1709",50206,"Brooklyn",771,"1-BR"
"1710",50206,"Brooklyn",1093,"3-BR"
"1711",50206,"Brooklyn",940,"1-BR"
"1712",50206,"Brooklyn",766,"2-BR"
"1713",52752,"Brooklyn",875,"2-BR"
"1714",52752,"Brooklyn",698,"1-BR"
"1715",53157,"Brooklyn",573,"2-BR"
"1716",53157,"Brooklyn",539,"1-BR"
"1717",52757,"Brooklyn",722,"1-BR"
"1718",52757,"Brooklyn",828,"2-BR"
"1719",52757,"Brooklyn",730,"STUDIO"
"1720",52757,"Brooklyn",1219,"3-BR"
"1721",52757,"Brooklyn",868.5,"2-BR"
"1722",52757,"Brooklyn",790,"2-BR"
"1723",52757,"Brooklyn",822.5,"2-BR"
"1724",52757,"Brooklyn",900,"1-BR"
"1725",52757,"Brooklyn",1157,"3-BR"
"1726",52757,"Brooklyn",1278,"STUDIO"
"1727",52757,"Brooklyn",801.5,"2-BR"
"1728",52757,"Brooklyn",294,"1-BR"
"1729",52757,"Brooklyn",1037,"1-BR"
"1730",52757,"Brooklyn",738,"3-BR"
"1731",52757,"Brooklyn",974,"3-BR"
"1732",52757,"Brooklyn",730.5,"2-BR"
"1733",52757,"Brooklyn",700,"1-BR"
"1734",52757,"Brooklyn",1013,"3-BR"
"1735",52757,"Brooklyn",830,"2-BR"
"1736",52757,"Brooklyn",789,"1-BR"
"1737",52757,"Brooklyn",918.5,"2-BR"
"1738",50193,"Brooklyn",871,"STUDIO"
"1739",50193,"Brooklyn",843,"1-BR"
"1740",50193,"Brooklyn",688.5,"STUDIO"
"1741",50193,"Brooklyn",1120,"2-BR"
"1742",50193,"Brooklyn",969,"2-BR"
"1743",50193,"Brooklyn",754,"STUDIO"
"1744",50193,"Brooklyn",517.5,"2-BR"
"1745",50193,"Brooklyn",473.5,"1-BR"
"1746",53157,"Brooklyn",750,"3-BR"
"1747",53157,"Brooklyn",685,"2-BR"
"1748",50059,"Brooklyn",836,"2-BR"
"1749",50059,"Brooklyn",963,"3-BR"
"1750",50059,"Brooklyn",963,"3-BR"
"1751",50059,"Brooklyn",1206,"3-BR"
"1752",50059,"Brooklyn",863,"2-BR"
"1753",50059,"Brooklyn",1182,"3-BR"
"1754",60431,"Brooklyn",1809,"1-BR"
"1755",60431,"Brooklyn",2221,"2-BR"
"1756",53157,"Brooklyn",586,"1-BR"
"1757",53157,"Brooklyn",685,"2-BR"
"1758",53157,"Brooklyn",664,"2-BR"
"1759",53157,"Brooklyn",685,"3-BR"
"1760",60434,"Queens",2450,"2-BR"
"1761",60434,"Queens",2450,"2-BR"
"1762",60434,"Queens",2450,"2-BR"
"1763",60434,"Queens",2450,"2-BR"
"1764",60434,"Queens",1750,"1-BR"
"1765",60434,"Queens",2450,"2-BR"
"1766",60434,"Queens",2825,"3-BR"
"1767",60434,"Queens",2450,"2-BR"
"1768",60434,"Queens",2450,"2-BR"
"1769",60434,"Queens",1750,"1-BR"
"1770",60434,"Queens",2825,"3-BR"
"1771",59117,"Staten Island",1698,"1-BR"
"1772",59117,"Staten Island",1190,"STUDIO"
"1773",59117,"Staten Island",1729,"2-BR"
"1774",59474,"Manhattan",908,"STUDIO"
"1775",59474,"Manhattan",1107,"2-BR"
"1776",58887,"Manhattan",943,"1-BR"
"1777",58887,"Manhattan",808,"2-BR"
"1778",58887,"Manhattan",792,"STUDIO"
"1779",58887,"Manhattan",892,"1-BR"
"1780",58887,"Manhattan",786,"2-BR"
"1781",58887,"Manhattan",842.5,"STUDIO"
"1782",60427,"Manhattan",2300,"STUDIO"
"1783",60427,"Manhattan",2404,"STUDIO"
"1784",60427,"Manhattan",2967,"1-BR"
"1785",60427,"Manhattan",2800,"1-BR"
"1786",60427,"Manhattan",2404,"STUDIO"
"1787",60427,"Manhattan",2800,"1-BR"
"1788",60427,"Manhattan",2300,"STUDIO"
"1789",60427,"Manhattan",4700,"3-BR"
"1790",60427,"Manhattan",5075,"3-BR"
"1791",60427,"Manhattan",3683,"2-BR"
"1792",60427,"Manhattan",3500,"2-BR"
"1793",60427,"Manhattan",2967,"1-BR"
"1794",60427,"Manhattan",4700,"3-BR"
"1795",60427,"Manhattan",3683,"2-BR"
"1796",60427,"Manhattan",2800,"1-BR"
"1797",60427,"Manhattan",5075,"3-BR"
"1798",60427,"Manhattan",2967,"1-BR"
"1799",60427,"Manhattan",3500,"2-BR"
"1800",52795,"Manhattan",1152,"1-BR"
"1801",52795,"Manhattan",1103,"STUDIO"
"1802",52795,"Manhattan",1372,"2-BR"
"1803",59946,"Manhattan",1288,"1-BR"
"1804",59946,"Manhattan",1170,"STUDIO"
"1805",59946,"Manhattan",1771,"2-BR"
"1806",59946,"Manhattan",1991,"3-BR"
"1807",59946,"Manhattan",1991,"3-BR"
"1808",59946,"Manhattan",1288,"1-BR"
"1809",59946,"Manhattan",1170,"STUDIO"
"1810",59946,"Manhattan",2093,"4-BR"
"1811",60049,"Manhattan",2050,"3-BR"
"1812",60049,"Manhattan",1593,"2-BR"
"1813",60049,"Manhattan",1593,"2-BR"
"1814",60049,"Manhattan",1368,"1-BR"
"1815",60049,"Manhattan",1241,"1-BR"
"1816",60049,"Manhattan",1243,"STUDIO"
"1817",60049,"Manhattan",1593,"2-BR"
"1818",60049,"Manhattan",1478,"2-BR"
"1819",60049,"Manhattan",1303,"STUDIO"
"1820",60049,"Manhattan",1368,"1-BR"
"1821",60049,"Manhattan",1307,"1-BR"
"1822",53437,"Bronx",1625,"3-BR"
"1823",53437,"Bronx",1444,"2-BR"
"1824",53437,"Bronx",1203,"1-BR"
"1825",52757,"Brooklyn",867.5,"2-BR"
"1826",52757,"Brooklyn",628.5,"STUDIO"
"1827",52757,"Brooklyn",845,"3-BR"
"1828",52757,"Brooklyn",701,"STUDIO"
"1829",52757,"Brooklyn",871,"2-BR"
"1830",52757,"Brooklyn",662,"STUDIO"
"1831",52757,"Brooklyn",924,"3-BR"
"1832",52757,"Brooklyn",820.5,"2-BR"
"1833",52757,"Brooklyn",931,"1-BR"
"1834",52757,"Brooklyn",1184,"4-BR"
"1835",52757,"Brooklyn",874,"3-BR"
"1836",52757,"Brooklyn",907,"1-BR"
"1837",52757,"Brooklyn",794,"2-BR"
"1838",52752,"Brooklyn",833,"2-BR"
"1839",52752,"Brooklyn",984,"2-BR"
"1840",52752,"Brooklyn",882,"2-BR"
"1841",52752,"Brooklyn",1127,"2-BR"
"1842",52752,"Brooklyn",786,"2-BR"
"1843",52752,"Brooklyn",877.5,"2-BR"
"1844",52757,"Brooklyn",389,"1-BR"
"1845",52757,"Brooklyn",904,"1-BR"
"1846",52757,"Brooklyn",1065,"3-BR"
"1847",52757,"Brooklyn",502.5,"2-BR"
"1848",52757,"Brooklyn",868,"2-BR"
"1849",50193,"Brooklyn",577,"1-BR"
"1850",50193,"Brooklyn",445,"1-BR"
"1851",50193,"Brooklyn",805.5,"1-BR"
"1852",50193,"Brooklyn",886.5,"1-BR"
"1853",52757,"Brooklyn",787.5,"3-BR"
"1854",52757,"Brooklyn",828,"2-BR"
"1855",52757,"Brooklyn",636,"1-BR"
"1856",52757,"Brooklyn",805,"1-BR"
"1857",60431,"Brooklyn",2272,"3-BR"
"1858",60431,"Brooklyn",2221,"2-BR"
"1859",60431,"Brooklyn",1809,"1-BR"
"1860",50207,"Brooklyn",848,"3-BR"
"1861",50207,"Brooklyn",879.5,"3-BR"
"1862",50207,"Brooklyn",659,"2-BR"
"1863",50207,"Brooklyn",810,"2-BR"
"1864",50207,"Brooklyn",691,"1-BR"
"1865",50207,"Brooklyn",731,"2-BR"
"1866",50207,"Brooklyn",699,"2-BR"
"1867",50207,"Brooklyn",641,"3-BR"
"1868",52737,"Brooklyn",851.5,"2-BR"
"1869",52737,"Brooklyn",757.5,"2-BR"
"1870",52735,"Brooklyn",944.5,"2-BR"
"1871",52735,"Brooklyn",810,"1-BR"
"1872",52735,"Brooklyn",919,"1-BR"
"1873",52735,"Brooklyn",1257,"4-BR"
"1874",52735,"Brooklyn",1261,"3-BR"
"1875",52735,"Brooklyn",890,"1-BR"
"1876",52735,"Brooklyn",1500,"4-BR"
"1877",52735,"Brooklyn",2257,"3-BR"
"1878",52735,"Brooklyn",1226,"3-BR"
"1879",52735,"Brooklyn",1122,"3-BR"
"1880",52735,"Brooklyn",978,"2-BR"
"1881",52735,"Brooklyn",976,"2-BR"
"1882",52735,"Brooklyn",1758,"2-BR"
"1883",63373,"Queens",2100,"4-BR"
"1884",63373,"Queens",2350,"5-BR"
"1885",63373,"Queens",1825,"3-BR"
"1886",63373,"Queens",2100,"4-BR"
"1887",63373,"Queens",1825,"3-BR"
"1888",63373,"Queens",1825,"3-BR"
"1889",63373,"Queens",1584,"2-BR"
"1890",63373,"Queens",1658,"2-BR"
"1891",63373,"Queens",1825,"3-BR"
"1892",63373,"Queens",2350,"5-BR"
"1893",63373,"Queens",1825,"3-BR"
"1894",63373,"Queens",2100,"4-BR"
"1895",63373,"Queens",2100,"4-BR"
"1896",63373,"Queens",2350,"5-BR"
"1897",63373,"Queens",1825,"3-BR"
"1898",63373,"Queens",1584,"2-BR"
"1899",63373,"Queens",1400,"1-BR"
"1900",63373,"Queens",1336,"1-BR"
"1901",63373,"Queens",1658,"2-BR"
"1902",63373,"Queens",2100,"4-BR"
"1903",63373,"Queens",2350,"5-BR"
"1904",63373,"Queens",1825,"3-BR"
"1905",63373,"Queens",1825,"3-BR"
"1906",63373,"Queens",2100,"4-BR"
"1907",63373,"Queens",1658,"2-BR"
"1908",63373,"Queens",1658,"2-BR"
"1909",63373,"Queens",2350,"5-BR"
"1910",63373,"Queens",1825,"3-BR"
"1911",63373,"Queens",1825,"3-BR"
"1912",63373,"Queens",2350,"5-BR"
"1913",63373,"Queens",2350,"5-BR"
"1914",63373,"Queens",1825,"3-BR"
"1915",63373,"Queens",1825,"3-BR"
"1916",63373,"Queens",1825,"3-BR"
"1917",63373,"Queens",1825,"3-BR"
"1918",63373,"Queens",1584,"2-BR"
"1919",63373,"Queens",1825,"3-BR"
"1920",63373,"Queens",1658,"2-BR"
"1921",63373,"Queens",1825,"3-BR"
"1922",63373,"Queens",1400,"1-BR"
"1923",63373,"Queens",1584,"2-BR"
"1924",63373,"Queens",1336,"1-BR"
"1925",63373,"Queens",1150,"STUDIO"
"1926",63373,"Queens",1658,"2-BR"
"1927",63373,"Queens",1150,"STUDIO"
"1928",63373,"Queens",1658,"2-BR"
"1929",63373,"Queens",1150,"STUDIO"
"1930",63373,"Queens",1150,"STUDIO"
"1931",63373,"Queens",1400,"1-BR"
"1932",63373,"Queens",1336,"1-BR"
"1933",63373,"Queens",1584,"2-BR"
"1934",59117,"Staten Island",1698,"1-BR"
"1935",59117,"Staten Island",1729,"2-BR"
"1936",59117,"Staten Island",1190,"STUDIO"
"1937",59117,"Staten Island",1190,"STUDIO"
"1938",59117,"Staten Island",1698,"1-BR"
"1939",59117,"Staten Island",1729,"2-BR"
"1940",58863,"Bronx",0,"2-BR"
"1941",58863,"Bronx",761,"1-BR"
"1942",58863,"Bronx",598,"STUDIO"
"1943",60431,"Brooklyn",2221,"2-BR"
"1944",60431,"Brooklyn",1809,"1-BR"
"1945",58863,"Bronx",783,"1-BR"
"1946",58863,"Bronx",1139,"3-BR"
"1947",58863,"Bronx",941,"2-BR"
"1948",58863,"Bronx",927,"2-BR"
"1949",58863,"Bronx",1052,"3-BR"
"1950",50353,"Bronx",978,"2-BR"
"1951",50353,"Bronx",945,"3-BR"
"1952",51719,"Queens",1254,"1-BR"
"1953",51719,"Queens",1511,"2-BR"
"1954",51719,"Queens",1065,"2-BR"
"1955",51719,"Queens",558,"1-BR"
"1956",51719,"Queens",396,"1-BR"
"1957",51719,"Queens",870,"2-BR"
"1958",51719,"Queens",882,"1-BR"
"1959",51719,"Queens",676,"2-BR"
"1960",51719,"Queens",822,"STUDIO"
"1961",51719,"Queens",368,"STUDIO"
"1962",51719,"Queens",720,"1-BR"
"1963",51719,"Queens",482,"2-BR"
"1964",51719,"Queens",519,"STUDIO"
"1965",52467,"Bronx",412,"1-BR"
"1966",52467,"Bronx",410,"1-BR"
"1967",52467,"Bronx",1357,"1-BR"
"1968",44353,"Bronx",1109,"2-BR"
"1969",44319,"Brooklyn",1046,"2-BR"
"1970",44319,"Brooklyn",543,"1-BR"
"1971",44319,"Brooklyn",867,"1-BR"
"1972",52053,"Manhattan",2391,"1-BR"
"1973",52053,"Manhattan",1838,"2-BR"
"1974",52053,"Manhattan",2310,"2-BR"
"1975",52053,"Manhattan",1526,"STUDIO"
"1976",52053,"Manhattan",1208,"1-BR"
"1977",52053,"Manhattan",2877,"2-BR"
"1978",52053,"Manhattan",1458,"2-BR"
"1979",52053,"Manhattan",958,"STUDIO"
"1980",52053,"Manhattan",1683,"3-BR"
"1981",52053,"Manhattan",1525,"1-BR"
"1982",52053,"Manhattan",1211,"STUDIO"
"1983",52053,"Manhattan",1904,"STUDIO"
"1984",52053,"Manhattan",2120,"3-BR"
"1985",52053,"Manhattan",1918,"1-BR"
"1986",44324,"Manhattan",2391,"1-BR"
"1987",44324,"Manhattan",1838,"2-BR"
"1988",44324,"Manhattan",2310,"2-BR"
"1989",44324,"Manhattan",1526,"STUDIO"
"1990",44324,"Manhattan",1208,"1-BR"
"1991",44324,"Manhattan",2877,"2-BR"
"1992",44324,"Manhattan",1458,"2-BR"
"1993",44324,"Manhattan",958,"STUDIO"
"1994",44324,"Manhattan",1683,"3-BR"
"1995",44324,"Manhattan",1525,"1-BR"
"1996",44324,"Manhattan",1211,"STUDIO"
"1997",44324,"Manhattan",1904,"STUDIO"
"1998",44324,"Manhattan",2120,"3-BR"
"1999",44324,"Manhattan",1918,"1-BR"
"2000",44280,"Bronx",519,"STUDIO"
"2001",44280,"Bronx",551,"3-BR"
"2002",44280,"Bronx",1254,"1-BR"
"2003",44280,"Bronx",482,"2-BR"
"2004",44280,"Bronx",1740,"3-BR"
"2005",44280,"Bronx",775,"3-BR"
"2006",44280,"Bronx",396,"1-BR"
"2007",44280,"Bronx",1511,"2-BR"
"2008",44280,"Bronx",996,"STUDIO"
"2009",44280,"Bronx",720,"1-BR"
"2010",44280,"Bronx",882,"1-BR"
"2011",44280,"Bronx",676,"2-BR"
"2012",44280,"Bronx",1000,"3-BR"
"2013",44280,"Bronx",1065,"2-BR"
"2014",44280,"Bronx",558,"1-BR"
"2015",44280,"Bronx",1224,"3-BR"
"2016",44280,"Bronx",870,"2-BR"
"2017",44280,"Bronx",822,"STUDIO"
"2018",44280,"Bronx",670,"STUDIO"
"2019",51299,"Brooklyn",847,"1-BR"
"2020",51299,"Brooklyn",494,"STUDIO"
"2021",51299,"Brooklyn",1182,"3-BR"
"2022",51299,"Brooklyn",963,"3-BR"
"2023",51299,"Brooklyn",690,"1-BR"
"2024",51299,"Brooklyn",788,"STUDIO"
"2025",51299,"Brooklyn",532,"1-BR"
"2026",51299,"Brooklyn",1025,"2-BR"
"2027",51299,"Brooklyn",647,"2-BR"
"2028",51299,"Brooklyn",836,"2-BR"
"2029",51299,"Brooklyn",641,"STUDIO"
"2030",51299,"Brooklyn",745,"3-BR"
"2031",45326,"Bronx",788,"STUDIO"
"2032",45326,"Bronx",1458,"2-BR"
"2033",45326,"Bronx",1683,"3-BR"
"2034",45326,"Bronx",1025,"2-BR"
"2035",45326,"Bronx",1182,"3-BR"
"2036",45326,"Bronx",1208,"1-BR"
"2037",45326,"Bronx",847,"1-BR"
"2038",48731,"Bronx",935,"3-BR"
"2039",48731,"Bronx",847,"1-BR"
"2040",48731,"Bronx",940.5,"2-BR"
"2041",48731,"Bronx",788,"STUDIO"
"2042",48731,"Bronx",903,"4-BR"
"2043",48731,"Bronx",1082,"2-BR"
"2044",48731,"Bronx",854,"1-BR"
"2045",59946,"Manhattan",1576,"3-BR"
"2046",59946,"Manhattan",1075,"1-BR"
"2047",59946,"Manhattan",1455,"2-BR"
"2048",60434,"Queens",2450,"2-BR"
"2049",49722,"Brooklyn",749,"3-BR"
"2050",49722,"Brooklyn",1009,"3-BR"
"2051",49722,"Brooklyn",972,"3-BR"
"2052",49722,"Brooklyn",801,"STUDIO"
"2053",49722,"Brooklyn",849,"2-BR"
"2054",49722,"Brooklyn",1196,"3-BR"
"2055",49722,"Brooklyn",655,"2-BR"
"2056",49722,"Brooklyn",861,"1-BR"
"2057",49722,"Brooklyn",783,"3-BR"
"2058",49722,"Brooklyn",699,"1-BR"
"2059",49722,"Brooklyn",538,"1-BR"
"2060",49722,"Brooklyn",1042,"2-BR"
"2061",49722,"Brooklyn",849,"2-BR"
"2062",49722,"Brooklyn",861,"1-BR"
"2063",49722,"Brooklyn",801,"STUDIO"
"2064",49722,"Brooklyn",1196,"3-BR"
"2065",49722,"Brooklyn",749,"3-BR"
"2066",49722,"Brooklyn",699,"1-BR"
"2067",49722,"Brooklyn",655,"2-BR"
"2068",49722,"Brooklyn",651,"STUDIO"
"2069",49722,"Brooklyn",1042,"2-BR"
"2070",49722,"Brooklyn",500,"STUDIO"
"2071",49722,"Brooklyn",538,"1-BR"
"2072",49722,"Brooklyn",764,"3-BR"
"2073",49722,"Brooklyn",849,"2-BR"
"2074",49722,"Brooklyn",972,"3-BR"
"2075",49722,"Brooklyn",749,"3-BR"
"2076",49722,"Brooklyn",699,"1-BR"
"2077",49722,"Brooklyn",538,"1-BR"
"2078",49722,"Brooklyn",655,"2-BR"
"2079",49722,"Brooklyn",1196,"3-BR"
"2080",49722,"Brooklyn",991,"3-BR"
"2081",49722,"Brooklyn",600,"STUDIO"
"2082",49722,"Brooklyn",1042,"2-BR"
"2083",49722,"Brooklyn",861,"1-BR"
"2084",49588,"Manhattan",2887.5,"STUDIO"
"2085",49588,"Manhattan",1164,"STUDIO"
"2086",49588,"Manhattan",950,"STUDIO"
"2087",49588,"Manhattan",1492,"STUDIO"
"2088",50495,"Queens",1364,"2-BR"
"2089",50495,"Queens",706,"1-BR"
"2090",45303,"Brooklyn",959,"1-BR"
"2091",45303,"Brooklyn",1376,"3-BR"
"2092",45303,"Brooklyn",825.5,"STUDIO"
"2093",45303,"Brooklyn",1157.5,"2-BR"
"2094",44348,"Bronx",671,"2-BR"
"2095",44348,"Bronx",1226,"3-BR"
"2096",44348,"Bronx",1226,"3-BR"
"2097",44348,"Bronx",671,"2-BR"
"2098",52610,"Bronx",671,"2-BR"
"2099",52610,"Bronx",1226,"3-BR"
"2100",52610,"Bronx",1226,"3-BR"
"2101",52610,"Bronx",671,"2-BR"
"2102",51357,"Manhattan",2783,"2-BR"
"2103",51357,"Manhattan",1916,"1-BR"
"2104",51357,"Manhattan",854,"2-BR"
"2105",51357,"Manhattan",1916,"STUDIO"
"2106",51357,"Manhattan",665,"2-BR"
"2107",51357,"Manhattan",655,"STUDIO"
"2108",51357,"Manhattan",2312,"1-BR"
"2109",51357,"Manhattan",862,"1-BR"
"2110",51357,"Manhattan",705,"1-BR"
"2111",51357,"Manhattan",508,"STUDIO"
"2112",51357,"Manhattan",547,"1-BR"
"2113",51357,"Manhattan",2312,"STUDIO"
"2114",51357,"Manhattan",1042,"2-BR"
"2115",51357,"Manhattan",802,"STUDIO"
"2116",54909,"Brooklyn",917,"2-BR"
"2117",54909,"Brooklyn",1289,"3-BR"
"2118",54909,"Brooklyn",707,"STUDIO"
"2119",54909,"Brooklyn",759,"1-BR"
"2120",54909,"Brooklyn",589,"1-BR"
"2121",54909,"Brooklyn",509,"2-BR"
"2122",54909,"Brooklyn",389,"STUDIO"
"2123",54909,"Brooklyn",1121,"2-BR"
"2124",54909,"Brooklyn",582,"3-BR"
"2125",54909,"Brooklyn",713,"2-BR"
"2126",54909,"Brooklyn",548,"STUDIO"
"2127",54909,"Brooklyn",419,"1-BR"
"2128",54909,"Brooklyn",707,"STUDIO"
"2129",54909,"Brooklyn",817,"3-BR"
"2130",54909,"Brooklyn",1121,"2-BR"
"2131",54909,"Brooklyn",929,"1-BR"
"2132",54909,"Brooklyn",1053,"3-BR"
"2133",48879,"Queens",2280,"2-BR"
"2134",48879,"Queens",2246,"2-BR"
"2135",48879,"Queens",1409,"2-BR"
"2136",48879,"Queens",1169,"1-BR"
"2137",48879,"Queens",895,"STUDIO"
"2138",48879,"Queens",1908,"1-BR"
"2139",48879,"Queens",2651,"3-BR"
"2140",48879,"Queens",1375,"2-BR"
"2141",48879,"Queens",1476,"STUDIO"
"2142",48879,"Queens",1621,"3-BR"
"2143",48879,"Queens",931,"STUDIO"
"2144",48879,"Queens",1861,"1-BR"
"2145",48879,"Queens",1135,"1-BR"
"2146",48879,"Queens",2586,"3-BR"
"2147",48879,"Queens",0,"2-BR"
"2148",48879,"Queens",2246,"2-BR"
"2149",48879,"Queens",1581,"3-BR"
"2150",48879,"Queens",1513,"STUDIO"
"2151",52223,"Bronx",1665,"STUDIO"
"2152",44319,"Brooklyn",864,"1-BR"
"2153",44319,"Brooklyn",543,"1-BR"
"2154",44319,"Brooklyn",952,"1-BR"
"2155",44319,"Brooklyn",1594,"2-BR"
"2156",44319,"Brooklyn",604,"1-BR"
"2157",44319,"Brooklyn",1149,"2-BR"
"2158",44319,"Brooklyn",1051,"2-BR"
"2159",44319,"Brooklyn",868,"1-BR"
"2160",44319,"Brooklyn",2051,"3-BR"
"2161",44319,"Brooklyn",1602,"2-BR"
"2162",44319,"Brooklyn",1212,"3-BR"
"2163",44319,"Brooklyn",1377,"1-BR"
"2164",63775,"Queens",354.5,"1-BR"
"2165",63775,"Queens",1660,"2-BR"
"2166",63775,"Queens",605,"1-BR"
"2167",63775,"Queens",1910,"3-BR"
"2168",63775,"Queens",1660,"2-BR"
"2169",63775,"Queens",843,"3-BR"
"2170",63775,"Queens",1091,"STUDIO"
"2171",63775,"Queens",1375,"1-BR"
"2172",63775,"Queens",521,"2-BR"
"2173",63775,"Queens",273,"STUDIO"
"2174",63775,"Queens",475,"STUDIO"
"2175",63775,"Queens",1166,"2-BR"
"2176",63775,"Queens",1091,"3-BR"
"2177",63775,"Queens",618,"STUDIO"
"2178",63775,"Queens",784,"1-BR"
"2179",63775,"Queens",951,"2-BR"
"2180",63775,"Queens",512,"3-BR"
"2181",63775,"Queens",736,"2-BR"
"2182",63775,"Queens",1339,"3-BR"
"2183",63775,"Queens",761,"STUDIO"
"2184",63775,"Queens",963,"1-BR"
"2185",53273,"Bronx",1224,"3-BR"
"2186",53273,"Bronx",775,"3-BR"
"2187",53273,"Bronx",1065,"2-BR"
"2188",53273,"Bronx",720,"1-BR"
"2189",53273,"Bronx",396,"1-BR"
"2190",53273,"Bronx",882,"1-BR"
"2191",53273,"Bronx",822,"STUDIO"
"2192",53273,"Bronx",558,"1-BR"
"2193",53273,"Bronx",676,"2-BR"
"2194",53273,"Bronx",551,"3-BR"
"2195",53273,"Bronx",482,"2-BR"
"2196",53273,"Bronx",1000,"3-BR"
"2197",53273,"Bronx",670,"STUDIO"
"2198",53273,"Bronx",519,"STUDIO"
"2199",53273,"Bronx",368,"STUDIO"
"2200",53273,"Bronx",870,"2-BR"
"2201",52782,"Brooklyn",720,"1-BR"
"2202",52782,"Brooklyn",1224,"3-BR"
"2203",52782,"Brooklyn",1481,"2-BR"
"2204",52782,"Brooklyn",1249,"1-BR"
"2205",52782,"Brooklyn",676,"1-BR"
"2206",52782,"Brooklyn",882,"1-BR"
"2207",52782,"Brooklyn",1065,"2-BR"
"2208",52782,"Brooklyn",870,"2-BR"
"2209",44388,"Bronx",1254,"1-BR"
"2210",44388,"Bronx",1065,"2-BR"
"2211",44388,"Bronx",1740,"3-BR"
"2212",44388,"Bronx",1511,"2-BR"
"2213",44388,"Bronx",882,"1-BR"
"2214",44388,"Bronx",1224,"3-BR"
"2215",44388,"Bronx",493,"STUDIO"
"2216",46143,"Bronx",870,"2-BR"
"2217",46143,"Bronx",1000,"3-BR"
"2218",46143,"Bronx",1065,"2-BR"
"2219",46143,"Bronx",1647,"2-BR"
"2220",46143,"Bronx",1369,"1-BR"
"2221",46143,"Bronx",551,"3-BR"
"2222",46143,"Bronx",882,"1-BR"
"2223",46143,"Bronx",482,"2-BR"
"2224",46143,"Bronx",775,"3-BR"
"2225",46143,"Bronx",558,"1-BR"
"2226",46143,"Bronx",822,"STUDIO"
"2227",46143,"Bronx",720,"1-BR"
"2228",46143,"Bronx",676,"2-BR"
"2229",46143,"Bronx",396,"1-BR"
"2230",46143,"Bronx",1224,"3-BR"
"2231",46143,"Bronx",1898,"3-BR"
"2232",50655,"Brooklyn",1223,"3-BR"
"2233",50655,"Brooklyn",977.5,"2-BR"
"2234",50655,"Brooklyn",1348,"1-BR"
"2235",50655,"Brooklyn",1577,"1-BR"
"2236",50655,"Brooklyn",1064,"2-BR"
"2237",50655,"Brooklyn",1254,"STUDIO"
"2238",50655,"Brooklyn",1254,"STUDIO"
"2239",50655,"Brooklyn",721,"1-BR"
"2240",50655,"Brooklyn",2056,"3-BR"
"2241",50655,"Brooklyn",1899,"2-BR"
"2242",50655,"Brooklyn",1223,"3-BR"
"2243",50655,"Brooklyn",1223,"3-BR"
"2244",50655,"Brooklyn",1064,"2-BR"
"2245",50655,"Brooklyn",678.5,"STUDIO"
"2246",50655,"Brooklyn",820,"STUDIO"
"2247",50655,"Brooklyn",871,"2-BR"
"2248",50655,"Brooklyn",881,"1-BR"
"2249",50655,"Brooklyn",820,"STUDIO"
"2250",50655,"Brooklyn",2056,"3-BR"
"2251",50655,"Brooklyn",1899,"2-BR"
"2252",50655,"Brooklyn",820,"STUDIO"
"2253",50655,"Brooklyn",1577,"1-BR"
"2254",50655,"Brooklyn",881,"1-BR"
"2255",50655,"Brooklyn",1597,"2-BR"
"2256",50655,"Brooklyn",1001,"3-BR"
"2257",50655,"Brooklyn",1223,"3-BR"
"2258",50655,"Brooklyn",871,"2-BR"
"2259",50655,"Brooklyn",1064,"2-BR"
"2260",50655,"Brooklyn",881,"1-BR"
"2261",50655,"Brooklyn",670,"STUDIO"
"2262",50655,"Brooklyn",881,"1-BR"
"2263",50655,"Brooklyn",1001,"3-BR"
"2264",50655,"Brooklyn",820,"STUDIO"
"2265",50655,"Brooklyn",1597,"1-BR"
"2266",50655,"Brooklyn",1072,"2-BR"
"2267",50655,"Brooklyn",721,"1-BR"
"2268",44357,"Manhattan",1292,"3-BR"
"2269",44357,"Manhattan",867,"STUDIO"
"2270",44357,"Manhattan",1224,"3-BR"
"2271",44357,"Manhattan",512,"3-BR"
"2272",44357,"Manhattan",1123,"2-BR"
"2273",44357,"Manhattan",882,"STUDIO"
"2274",44357,"Manhattan",882,"1-BR"
"2275",44357,"Manhattan",1125,"STUDIO"
"2276",44357,"Manhattan",1196,"STUDIO"
"2277",44357,"Manhattan",1065,"2-BR"
"2278",44357,"Manhattan",1417,"STUDIO"
"2279",44357,"Manhattan",1706,"2-BR"
"2280",44357,"Manhattan",1417,"1-BR"
"2281",44357,"Manhattan",215,"STUDIO"
"2282",44357,"Manhattan",283,"1-BR"
"2283",44357,"Manhattan",425,"2-BR"
"2284",44357,"Manhattan",0,"2-BR"
"2285",44357,"Manhattan",1904,"3-BR"
"2286",44357,"Manhattan",1481,"2-BR"
"2287",44357,"Manhattan",1249,"1-BR"
"2288",44357,"Manhattan",931,"1-BR"
"2289",50942,"Bronx",1065,"2-BR"
"2290",50942,"Bronx",775,"3-BR"
"2291",50942,"Bronx",1224,"3-BR"
"2292",50942,"Bronx",822,"STUDIO"
"2293",50942,"Bronx",1000,"3-BR"
"2294",50942,"Bronx",1965,"3-BR"
"2295",50942,"Bronx",670,"STUDIO"
"2296",50942,"Bronx",519,"STUDIO"
"2297",50942,"Bronx",882,"1-BR"
"2298",50942,"Bronx",676,"2-BR"
"2299",50942,"Bronx",1849,"3-BR"
"2300",50942,"Bronx",1740,"3-BR"
"2301",50942,"Bronx",870,"2-BR"
"2302",50942,"Bronx",1706,"2-BR"
"2303",50942,"Bronx",1439,"2-BR"
"2304",50942,"Bronx",720,"1-BR"
"2305",50942,"Bronx",558,"1-BR"
"2306",50942,"Bronx",1254,"1-BR"
"2307",50942,"Bronx",762,"STUDIO"
"2308",50942,"Bronx",1511,"2-BR"
"2309",50942,"Bronx",1208,"1-BR"
"2310",50942,"Bronx",996,"STUDIO"
"2311",50509,"Bronx",2190,"3-BR"
"2312",50509,"Bronx",996,"STUDIO"
"2313",50509,"Bronx",1511,"2-BR"
"2314",50509,"Bronx",1065,"2-BR"
"2315",50509,"Bronx",1254,"1-BR"
"2316",50509,"Bronx",0,"1-BR"
"2317",50509,"Bronx",1224,"3-BR"
"2318",50509,"Bronx",1579,"1-BR"
"2319",50509,"Bronx",1740,"3-BR"
"2320",50509,"Bronx",1900,"2-BR"
"2321",50509,"Bronx",1250,"STUDIO"
"2322",50509,"Bronx",882,"1-BR"
"2323",50509,"Bronx",822,"STUDIO"
"2324",52415,"Bronx",1059,"STUDIO"
"2325",52415,"Bronx",1300,"2-BR"
"2326",52415,"Bronx",1196,"STUDIO"
"2327",55036,"Bronx",860,"STUDIO"
"2328",55036,"Bronx",1114,"2-BR"
"2329",55036,"Bronx",512,"3-BR"
"2330",55036,"Bronx",923,"1-BR"
"2331",55036,"Bronx",1281,"3-BR"
"2332",55036,"Bronx",425,"2-BR"
"2333",55036,"Bronx",283,"1-BR"
"2334",55050,"Bronx",1224,"3-BR"
"2335",55050,"Bronx",822,"STUDIO"
"2336",55050,"Bronx",882,"1-BR"
"2337",55050,"Bronx",1065,"2-BR"
"2338",57772,"Staten Island",1446,"STUDIO"
"2339",57772,"Staten Island",1486,"1-BR"
"2340",58955,"Bronx",389,"STUDIO"
"2341",58955,"Bronx",759,"1-BR"
"2342",58955,"Bronx",2066,"3-BR"
"2343",58955,"Bronx",1289,"3-BR"
"2344",58955,"Bronx",1121,"2-BR"
"2345",58955,"Bronx",1591,"2-BR"
"2346",58955,"Bronx",1795,"2-BR"
"2347",58955,"Bronx",1049,"STUDIO"
"2348",58955,"Bronx",929,"1-BR"
"2349",58955,"Bronx",1320,"1-BR"
"2350",55036,"Bronx",425,"2-BR"
"2351",55036,"Bronx",1281,"3-BR"
"2352",55036,"Bronx",923,"1-BR"
"2353",55036,"Bronx",512,"3-BR"
"2354",55036,"Bronx",1114,"2-BR"
"2355",55036,"Bronx",860,"STUDIO"
"2356",55036,"Bronx",283,"1-BR"
"2357",58733,"Bronx",2250,"3-BR"
"2358",58733,"Bronx",1121,"2-BR"
"2359",58733,"Bronx",1254,"STUDIO"
"2360",58733,"Bronx",865,"STUDIO"
"2361",58733,"Bronx",1308,"3-BR"
"2362",58733,"Bronx",1760,"3-BR"
"2363",58733,"Bronx",1969,"4-BR"
"2364",58733,"Bronx",1442,"4-BR"
"2365",58733,"Bronx",1969,"4-BR"
"2366",58733,"Bronx",929,"1-BR"
"2367",58733,"Bronx",1529,"2-BR"
"2368",58733,"Bronx",1760,"3-BR"
"2369",58733,"Bronx",952,"1-BR"
"2370",58733,"Bronx",1524,"1-BR"
"2371",58733,"Bronx",1269,"1-BR"
"2372",58733,"Bronx",1530,"2-BR"
"2373",58733,"Bronx",1270,"1-BR"
"2374",58733,"Bronx",1967,"3-BR"
"2375",58733,"Bronx",1529,"2-BR"
"2376",58733,"Bronx",929,"1-BR"
"2377",58733,"Bronx",1774,"2-BR"
"2378",58733,"Bronx",1495,"STUDIO"
"2379",58733,"Bronx",1121,"2-BR"
"2380",58733,"Bronx",1442,"4-BR"
"2381",58733,"Bronx",1317,"1-BR"
"2382",58733,"Bronx",1289,"3-BR"
"2383",58733,"Bronx",865,"STUDIO"
"2384",59946,"Manhattan",1288,"1-BR"
"2385",59946,"Manhattan",1991,"3-BR"
"2386",59946,"Manhattan",1170,"STUDIO"
"2387",59946,"Manhattan",1170,"STUDIO"
"2388",59946,"Manhattan",1288,"1-BR"
"2389",59946,"Manhattan",1771,"2-BR"
"2390",59946,"Manhattan",1991,"3-BR"
"2391",59946,"Manhattan",1991,"3-BR"
"2392",59946,"Manhattan",1170,"STUDIO"
"2393",59946,"Manhattan",1288,"1-BR"
"2394",59946,"Manhattan",1771,"2-BR"
"2395",59946,"Manhattan",1771,"2-BR"
"2396",59946,"Manhattan",1170,"STUDIO"
"2397",59946,"Manhattan",1288,"1-BR"
"2398",59946,"Manhattan",1991,"3-BR"
"2399",59946,"Manhattan",2093,"4-BR"
"2400",59946,"Manhattan",1170,"STUDIO"
"2401",59946,"Manhattan",1991,"3-BR"
"2402",59946,"Manhattan",1288,"1-BR"
"2403",52435,"Manhattan",1254,"1-BR"
"2404",52435,"Manhattan",882,"1-BR"
"2405",52435,"Manhattan",558,"1-BR"
"2406",49722,"Brooklyn",861,"1-BR"
"2407",49722,"Brooklyn",1016,"3-BR"
"2408",49722,"Brooklyn",783,"3-BR"
"2409",49722,"Brooklyn",849,"2-BR"
"2410",49722,"Brooklyn",972,"3-BR"
"2411",49722,"Brooklyn",699,"1-BR"
"2412",49722,"Brooklyn",538,"1-BR"
"2413",49722,"Brooklyn",655,"2-BR"
"2414",49722,"Brooklyn",749,"3-BR"
"2415",49722,"Brooklyn",500,"STUDIO"
"2416",49722,"Brooklyn",651,"STUDIO"
"2417",49722,"Brooklyn",1042,"2-BR"
"2418",49722,"Brooklyn",1196,"3-BR"
"2419",49722,"Brooklyn",801,"STUDIO"
"2420",49722,"Brooklyn",1009,"3-BR"
"2421",60249,"Bronx",1320,"1-BR"
"2422",60249,"Bronx",589,"1-BR"
"2423",60249,"Bronx",1591,"2-BR"
"2424",60249,"Bronx",1967,"3-BR"
"2425",60249,"Bronx",817,"3-BR"
"2426",60249,"Bronx",713,"2-BR"
"2427",60249,"Bronx",1317,"1-BR"
"2428",60249,"Bronx",1530,"2-BR"
"2429",60249,"Bronx",1831,"3-BR"
"2430",60249,"Bronx",548,"STUDIO"
"2431",60249,"Bronx",1320,"1-BR"
"2432",60249,"Bronx",548,"STUDIO"
"2433",60249,"Bronx",713,"2-BR"
"2434",60249,"Bronx",1049,"STUDIO"
"2435",60249,"Bronx",1049,"STUDIO"
"2436",60249,"Bronx",589,"1-BR"
"2437",60249,"Bronx",1831,"3-BR"
"2438",60249,"Bronx",1591,"2-BR"
"2439",60249,"Bronx",817,"3-BR"
"2440",54909,"Brooklyn",509,"2-BR"
"2441",54909,"Brooklyn",389,"STUDIO"
"2442",54909,"Brooklyn",929,"1-BR"
"2443",54909,"Brooklyn",1289,"3-BR"
"2444",54909,"Brooklyn",1121,"2-BR"
"2445",54909,"Brooklyn",707,"STUDIO"
"2446",54909,"Brooklyn",817,"3-BR"
"2447",54909,"Brooklyn",419,"1-BR"
"2448",54909,"Brooklyn",1121,"2-BR"
"2449",54909,"Brooklyn",589,"1-BR"
"2450",54909,"Brooklyn",548,"STUDIO"
"2451",54909,"Brooklyn",707,"STUDIO"
"2452",54909,"Brooklyn",713,"2-BR"
"2453",54909,"Brooklyn",1053,"3-BR"
"2454",54909,"Brooklyn",582,"3-BR"
"2455",54909,"Brooklyn",917,"2-BR"
"2456",54909,"Brooklyn",759,"1-BR"
"2457",55249,"Bronx",1121,"2-BR"
"2458",55249,"Bronx",1289,"3-BR"
"2459",55249,"Bronx",512,"3-BR"
"2460",55249,"Bronx",929,"1-BR"
"2461",55249,"Bronx",283,"1-BR"
"2462",55249,"Bronx",215,"STUDIO"
"2463",55249,"Bronx",865,"STUDIO"
"2464",55249,"Bronx",1121,"2-BR"
"2465",55249,"Bronx",215,"STUDIO"
"2466",55249,"Bronx",425,"2-BR"
"2467",59388,"Bronx",1502,"1-BR"
"2468",59388,"Bronx",1540,"1-BR"
"2469",59388,"Bronx",1540,"2-BR"
"2470",59388,"Bronx",1540,"2-BR"
"2471",59388,"Bronx",1540,"1-BR"
"2472",48643,"Bronx",1378,"STUDIO"
"2473",54909,"Brooklyn",917,"2-BR"
"2474",54909,"Brooklyn",389,"STUDIO"
"2475",54909,"Brooklyn",707,"STUDIO"
"2476",54909,"Brooklyn",817,"3-BR"
"2477",54909,"Brooklyn",759,"1-BR"
"2478",54909,"Brooklyn",1053,"3-BR"
"2479",54909,"Brooklyn",548,"STUDIO"
"2480",54909,"Brooklyn",509,"2-BR"
"2481",54909,"Brooklyn",713,"2-BR"
"2482",54909,"Brooklyn",707,"STUDIO"
"2483",54909,"Brooklyn",582,"3-BR"
"2484",54909,"Brooklyn",589,"1-BR"
"2485",54909,"Brooklyn",929,"1-BR"
"2486",54909,"Brooklyn",1121,"2-BR"
"2487",54909,"Brooklyn",419,"1-BR"
"2488",54909,"Brooklyn",1289,"3-BR"
"2489",60810,"Bronx",512,"3-BR"
"2490",60810,"Bronx",713,"2-BR"
"2491",60810,"Bronx",1289,"3-BR"
"2492",60810,"Bronx",425,"2-BR"
"2493",60810,"Bronx",817,"3-BR"
"2494",60810,"Bronx",425,"2-BR"
"2495",60810,"Bronx",1185,"STUDIO"
"2496",60810,"Bronx",1795,"2-BR"
"2497",60810,"Bronx",464,"STUDIO"
"2498",60810,"Bronx",2066,"3-BR"
"2499",60810,"Bronx",589,"1-BR"
"2500",60810,"Bronx",1121,"2-BR"
"2501",60810,"Bronx",929,"1-BR"
"2502",60810,"Bronx",1490,"1-BR"
"2503",60810,"Bronx",1289,"3-BR"
"2504",60810,"Bronx",782.5,"3-BR"
"2505",60810,"Bronx",215,"STUDIO"
"2506",60810,"Bronx",736,"STUDIO"
"2507",60810,"Bronx",521,"1-BR"
"2508",60810,"Bronx",215,"STUDIO"
"2509",60810,"Bronx",283,"1-BR"
"2510",60810,"Bronx",1121,"2-BR"
"2511",58480,"Bronx",1121,"2-BR"
"2512",58480,"Bronx",865,"STUDIO"
"2513",58480,"Bronx",1049,"STUDIO"
"2514",58480,"Bronx",929,"1-BR"
"2515",58480,"Bronx",1320,"1-BR"
"2516",58480,"Bronx",1591,"2-BR"
"2517",58480,"Bronx",2184,"3-BR"
"2518",58480,"Bronx",1049,"STUDIO"
"2519",58480,"Bronx",1320,"1-BR"
"2520",58480,"Bronx",1289,"3-BR"
"2521",58480,"Bronx",1289,"3-BR"
"2522",58480,"Bronx",1897,"2-BR"
"2523",58480,"Bronx",1591,"2-BR"
"2524",60779,"Brooklyn",736,"STUDIO"
"2525",60779,"Brooklyn",589,"1-BR"
"2526",60779,"Brooklyn",464,"STUDIO"
"2527",60779,"Brooklyn",600,"STUDIO"
"2528",60779,"Brooklyn",419,"1-BR"
"2529",60779,"Brooklyn",509,"2-BR"
"2530",60779,"Brooklyn",582,"3-BR"
"2531",60779,"Brooklyn",817,"3-BR"
"2532",60779,"Brooklyn",1121,"2-BR"
"2533",60779,"Brooklyn",759,"1-BR"
"2534",60779,"Brooklyn",713,"2-BR"
"2535",60779,"Brooklyn",1053,"3-BR"
"2536",60779,"Brooklyn",917,"2-BR"
"2537",60779,"Brooklyn",1289,"3-BR"
"2538",60779,"Brooklyn",929,"1-BR"
"2539",60779,"Brooklyn",328,"STUDIO"
"2540",58793,"Brooklyn",1446,"STUDIO"
"2541",58793,"Brooklyn",666,"STUDIO"
"2542",60249,"Bronx",817,"3-BR"
"2543",60249,"Bronx",1831,"3-BR"
"2544",60249,"Bronx",713,"2-BR"
"2545",60249,"Bronx",589,"1-BR"
"2546",60249,"Bronx",817,"3-BR"
"2547",60249,"Bronx",713,"2-BR"
"2548",60249,"Bronx",1049,"STUDIO"
"2549",60249,"Bronx",548,"STUDIO"
"2550",60249,"Bronx",1320,"1-BR"
"2551",60249,"Bronx",1831,"3-BR"
"2552",60249,"Bronx",548,"STUDIO"
"2553",60249,"Bronx",1591,"2-BR"
"2554",60249,"Bronx",1591,"2-BR"
"2555",60249,"Bronx",1049,"STUDIO"
"2556",60249,"Bronx",589,"1-BR"
"2557",60249,"Bronx",1320,"1-BR"
"2558",60505,"Bronx",1360,"1-BR"
"2559",60505,"Bronx",1524,"1-BR"
"2560",60505,"Bronx",932,"2-BR"
"2561",60505,"Bronx",1643,"2-BR"
"2562",60505,"Bronx",1524,"1-BR"
"2563",60505,"Bronx",718,"2-BR"
"2564",60505,"Bronx",769,"1-BR"
"2565",60505,"Bronx",1148,"2-BR"
"2566",60505,"Bronx",948,"1-BR"
"2567",54520,"Bronx",1515,"3-BR"
"2568",54520,"Bronx",1284,"1-BR"
"2569",54520,"Bronx",1246,"STUDIO"
"2570",54520,"Bronx",1491,"2-BR"
"2571",52722,"Brooklyn",794,"1-BR"
"2572",52722,"Brooklyn",1644.5,"3-BR"
"2573",52722,"Brooklyn",1015,"3-BR"
"2574",52722,"Brooklyn",1519.5,"2-BR"
"2575",52722,"Brooklyn",1255,"2-BR"
"2576",52722,"Brooklyn",1242,"3-BR"
"2577",52722,"Brooklyn",1273,"2-BR"
"2578",52722,"Brooklyn",1025,"2-BR"
"2579",52722,"Brooklyn",1073,"3-BR"
"2580",61841,"Bronx",1419,"STUDIO"
"2581",61841,"Bronx",1488,"1-BR"
"2582",46143,"Bronx",676,"2-BR"
"2583",46143,"Bronx",482,"2-BR"
"2584",46143,"Bronx",870,"2-BR"
"2585",46143,"Bronx",1065,"2-BR"
"2586",46143,"Bronx",720,"1-BR"
"2587",46143,"Bronx",396,"1-BR"
"2588",46143,"Bronx",558,"1-BR"
"2589",46143,"Bronx",882,"1-BR"
"2590",51301,"Bronx",650,"STUDIO"
"2591",63760,"Manhattan",1166,"2-BR"
"2592",63760,"Manhattan",784,"1-BR"
"2593",63760,"Manhattan",736,"2-BR"
"2594",63760,"Manhattan",475,"STUDIO"
"2595",63760,"Manhattan",951,"2-BR"
"2596",63760,"Manhattan",761,"STUDIO"
"2597",63760,"Manhattan",618,"STUDIO"
"2598",63760,"Manhattan",963,"1-BR"
"2599",63760,"Manhattan",605,"1-BR"
"2600",53180,"Bronx",1268,"1-BR"
"2601",53180,"Bronx",966,"STUDIO"
"2602",53180,"Bronx",1518,"2-BR"
"2603",53180,"Bronx",1952,"3-BR"
"2604",53180,"Bronx",1065,"2-BR"
"2605",53180,"Bronx",822,"STUDIO"
"2606",53180,"Bronx",1740,"3-BR"
"2607",53180,"Bronx",1500,"2-BR"
"2608",53180,"Bronx",1225,"3-BR"
"2609",53180,"Bronx",1250,"1-BR"
"2610",53180,"Bronx",882,"1-BR"
"2611",44281,"Brooklyn",1162,"1-BR"
"2612",44281,"Brooklyn",987,"3-BR"
"2613",44281,"Brooklyn",1182,"3-BR"
"2614",44281,"Brooklyn",1051,"2-BR"
"2615",44281,"Brooklyn",1212,"3-BR"
"2616",44281,"Brooklyn",1051,"2-BR"
"2617",44281,"Brooklyn",1101,"1-BR"
"2618",52783,"Bronx",1050,"3-BR"
"2619",52783,"Bronx",912,"2-BR"
"2620",52783,"Bronx",751,"1-BR"
"2621",52783,"Bronx",533,"STUDIO"
"2622",52783,"Bronx",1274,"3-BR"
"2623",52783,"Bronx",1105,"2-BR"
"2624",52783,"Bronx",913,"1-BR"
"2625",55249,"Bronx",283,"1-BR"
"2626",55249,"Bronx",929,"1-BR"
"2627",55249,"Bronx",1289,"3-BR"
"2628",55249,"Bronx",1121,"2-BR"
"2629",55249,"Bronx",425,"2-BR"
"2630",55249,"Bronx",890,"3-BR"
"2631",55249,"Bronx",595,"STUDIO"
"2632",55249,"Bronx",512,"3-BR"
"2633",55249,"Bronx",775,"2-BR"
"2634",55249,"Bronx",640,"1-BR"
"2635",58966,"Bronx",1379,"1-BR"
"2636",58966,"Bronx",1379,"1-BR"
"2637",58966,"Bronx",1314,"STUDIO"
"2638",58966,"Bronx",1314,"STUDIO"
"2639",58936,"Bronx",816,"STUDIO"
"2640",58936,"Bronx",1357,"1-BR"
"2641",58936,"Bronx",1352,"STUDIO"
"2642",58936,"Bronx",1637,"2-BR"
"2643",58936,"Bronx",1224,"2-BR"
"2644",58936,"Bronx",1020,"1-BR"
